map_tag,seed,num_agent,episode_index,stopped,stop_step,stop_reason,free_coverage,cbf_feasible_rate,cbf_obs_violation_rate,cbf_avoid_violation_rate,cbf_conn_violation_rate,cbf_total_steps,conn_margin_min,conn_margin_mean,conn_margin_p05,fce_mean,fce_p95,fce_max,fce_n_updates,covered_free_cells,total_gt_free_cells,run,variant,method,episode_dir,primary,summary_cmr_pct,control_compute_mean_ms,control_compute_p95_ms,coordination_mean_ms,coordination_p95_ms,routing_mean_ms,max_active_obstacle_constraints,cmr_pct,spr_pct,mcm_m2,conn_violation_total_s,conn_violation_longest_s,conn_exceedance_max_m,conn_negative_mean_m2,runtime_mean_ms,runtime_p95_ms,runtime_max_ms,runtime_over_100ms_pct,first_arrival_logged_s,goal_fraction_first,goal_distance_mean_m,goal_distance_max_m,cmr_vs_summary_delta_pp,trajectory_sha256,log_status,log_steps,dt_s,recorded_window_s,logged_last_time_s,conn_violation_steps,conn_margin_mean_m2,conn_margin_p05_m2,runtime_samples,map_path,map_width_m,map_height_m,obstacle_area_fraction_with_boundary,first_arrival_step,goal_count_first,issues
custom,120,3,1,True,567,goal,,0.998239,0.0,0.0,0.0,568.0,,,,0.2653544196229857,0.7052905809899976,1.5002300664168127,1704,28465,35940,.,default,Full,agent_3_default/custom_seed_120_001,True,100.0,,,,,,,100.0,100.0,0.27054041624069214,0.0,0.0,0.0,,8.953702992943695,15.943110006628558,32.40259998710826,0.0,56.7,0.3333333333333333,0.2760483042399091,0.5497223758697514,0.0,16ba7f314c92a1176ea482586cf5b331873621007e2bec427be3277cafc714b0,ok,568,0.10000000000000053,56.8000000000003,56.7,0,0.509430307527663,0.3570252373814583,568,C:\Users\grape\OneDrive\Multi_Robot_System\maps\custom\map_001.png,5.0,1.0,0.2812,567.0,1.0,
custom,120,3,2,True,7609,goal,,0.998423,0.0,0.0,0.050986,7610.0,,,,0.3641912877952901,0.9814363296040999,2.8284271352829022,22830,162711,189167,.,default,Full,agent_3_default/custom_seed_120_002,True,94.9014,,,,,,,94.90144546649147,100.0,-0.558159589767456,38.80000000000331,7.800000000000665,0.2946047641808691,0.07782436891929391,10.561012890932282,21.273069988819767,41.525999986333765,0.0,760.9000000000002,0.3333333333333333,0.5520422935485841,0.8598145961761476,4.5466491471302106e-05,2f45c1c7f3f0ac5fa610948a3f83476130c228461b688457e1184242c570ba4a,ok,7610,0.10000000000000853,761.0000000000649,760.9000000000002,388,0.2780032219813155,-0.001067811250686645,7610,C:\Users\grape\OneDrive\Multi_Robot_System\maps\custom\map_002.png,5.0,5.0,0.243332,7609.0,1.0,
custom,120,3,3,True,2952,frozen,,0.951236,0.0,0.0,0.029462,2953.0,,,,0.50717093607203,1.004348863339694,2.000000014901161,8859,51978,109925,.,default,Full,agent_3_default/custom_seed_120_003,True,97.0538,,,,,,,97.05384354893329,100.0,-0.015579044818878172,8.699999999999505,3.5999999999997954,0.009678358867814985,0.004658002277900432,10.845193803130075,21.240020007826388,96.64569998858497,0.0,,,,,4.3548933291504e-05,2226c898e2308afcd4a1817a27f1cc320ee7fe5e4943b7a5998790330746e8c6,ok,2953,0.09999999999999432,295.29999999998324,295.2,87,0.22587289599858823,-0.00045354366302490233,2953,C:\Users\grape\OneDrive\Multi_Robot_System\maps\custom\map_003.png,5.0,5.0,0.5603,,,
custom,140,3,1,True,519,goal,,1.0,0.0,0.0,0.0,520.0,,,,0.21721361951576137,0.742513055262851,0.9326430512320723,1560,28427,35940,.,default,Full,agent_3_default/custom_seed_140_001,True,100.0,,,,,,,100.0,100.0,0.18408995866775513,0.0,0.0,0.0,,9.177738653614561,16.256310000608206,23.75900000333786,0.0,51.900000000000006,0.3333333333333333,0.2844298299153644,0.7029189491271972,0.0,9667495595df5810163effbc6238288ff62cb3e7cc551cc9385488142104ce43,ok,520,0.10000000000000053,52.00000000000028,51.900000000000006,0,0.4558123032634075,0.19477289021015168,520,C:\Users\grape\OneDrive\Multi_Robot_System\maps\custom\map_001.png,5.0,1.0,0.2812,519.0,1.0,
custom,140,3,2,True,6420,frozen,,0.965582,0.0,0.0,0.022271,6421.0,,,,0.44274887621665326,1.0001891934958331,2.8284271352829022,19263,139077,189167,.,default,Full,agent_3_default/custom_seed_140_002,True,97.77289999999999,,,,,,,97.77293256502102,100.0,-0.08736109733581544,14.300000000000203,7.200000000000102,0.05285467539072297,0.017367618900912624,10.879491154054287,21.93489999626763,101.2658000108786,0.01557389814670612,,,,,3.256502102999548e-05,15db2332685d42e9b347d9131c54dbd3aa16bd51ad685024434c6dad4d070bd4,ok,6421,0.10000000000000142,642.1000000000091,642.0,143,0.33946372102380373,-0.0001562833786010742,6421,C:\Users\grape\OneDrive\Multi_Robot_System\maps\custom\map_002.png,5.0,5.0,0.243332,,,
custom,140,3,3,True,4534,goal,,0.996472,0.0,0.0,0.116428,4535.0,,,,0.39345004409519935,1.0066923370188081,2.8284271352829022,13605,90609,109925,.,default,Full,agent_3_default/custom_seed_140_003,True,88.3572,,,,,,,88.35722160970232,100.0,-0.22182124853134155,52.799999999998875,14.799999999999685,0.12834328162126618,0.035292483527551995,10.819262292978221,21.283219993347302,40.856400009943165,0.0,453.4,0.3333333333333333,0.7411244785695317,1.423817561837746,2.1609702315572576e-05,248df698dcb38ddd3951b89b4d6dc8c9a62c4331b519b67a84d23b896629cfe0,ok,4535,0.09999999999999787,453.49999999999034,453.4,528,0.1815154669303221,-0.007771849632263183,4535,C:\Users\grape\OneDrive\Multi_Robot_System\maps\custom\map_003.png,5.0,5.0,0.5603,4534.0,1.0,
custom,42,3,1,True,522,goal,,1.0,0.0,0.0,0.005736,523.0,,,,0.26969175637273046,0.8222575704293871,0.8816420550520108,1569,27160,35940,.,default,Full,agent_3_default/custom_seed_42_001,True,99.4264,,,,,,,99.4263862332696,100.0,-0.001177072525024414,0.3000000000000016,0.3000000000000016,0.0007353323820702418,0.0011426409085591633,8.796291013209201,15.013940005155746,121.56020000111312,0.19120458891013384,52.2,0.3333333333333333,0.669351698557536,1.2853531265258793,-1.3766730404540795e-05,2f872da6a35932b00c6b45247108d2b1e6cbadf8a896385f1899da4d09b118dd,ok,523,0.10000000000000053,52.30000000000028,52.2,3,0.30311663360486296,0.0011942386627197268,523,C:\Users\grape\OneDrive\Multi_Robot_System\maps\custom\map_001.png,5.0,1.0,0.2812,522.0,1.0,
custom,42,3,2,True,2197,goal,,0.997725,0.0,0.0,0.028207,2198.0,,,,0.3781680754509417,0.9871578293909795,2.314497053707411,6594,72666,189167,.,default,Full,agent_3_default/custom_seed_42_002,True,97.1793,,,,,,,97.17925386715196,100.0,-0.050807952880859375,6.199999999999648,4.499999999999744,0.031148574492466663,0.012864436834089218,9.614800545918598,16.656895000051016,28.475799997977447,0.0,219.7,0.3333333333333333,0.46162601919765245,0.9370417122365678,-4.613284804122486e-05,cc6e32e3c0959672662a80c9e84966a12ceaf972d1b940faa06cad4858d59402,ok,2198,0.09999999999999432,219.7999999999875,219.7,62,0.33751516049563396,0.00014989078044891357,2198,C:\Users\grape\OneDrive\Multi_Robot_System\maps\custom\map_002.png,5.0,5.0,0.243332,2197.0,1.0,
custom,42,3,3,True,3707,goal,,0.996764,0.0,0.0,0.094391,3708.0,,,,0.329812662581167,0.9338289699313644,2.315882357498014,11124,97995,109925,.,default,Full,agent_3_default/custom_seed_42_003,True,90.5609,,,,,,,90.56094929881337,100.0,-0.10856962203979492,34.99999999999801,3.6999999999997897,0.06519918055890173,0.009308353321892875,9.46643840349455,16.49964499592897,95.53839999716729,0.0,370.7,0.3333333333333333,0.7599150868293102,1.4945462381948396,4.929881336579456e-05,2fb72ac58010fcc9790ba2e5fcf8032d60539139ac2a89cfaf62025699eaf503,ok,3708,0.09999999999999432,370.7999999999789,370.7,350,0.14724880407093155,-0.003485512733459472,3708,C:\Users\grape\OneDrive\Multi_Robot_System\maps\custom\map_003.png,5.0,5.0,0.5603,3707.0,1.0,
custom,64,3,1,True,496,goal,,1.0,0.0,0.0,0.0,497.0,,,,0.24287288335086415,0.7970469174256645,1.0498081869515128,1491,26989,35940,.,default,Full,agent_3_default/custom_seed_64_001,True,100.0,,,,,,,100.0,100.0,0.004469394683837891,0.0,0.0,0.0,,9.327106639896042,15.417879994492974,33.03129999403609,0.0,49.6,0.3333333333333333,0.5754072284698487,0.976867618560791,0.0,d520de96c25938caf94d1d5cbcb99e42438d3a436d93c441b4b3759ed6361024,ok,497,0.10000000000000053,49.700000000000266,49.6,0,0.3821297543989101,0.0172082781791687,497,C:\Users\grape\OneDrive\Multi_Robot_System\maps\custom\map_001.png,5.0,1.0,0.2812,496.0,1.0,
custom,64,3,2,True,7431,goal,,0.999058,0.0,0.0,0.105893,7432.0,,,,0.40835738593566034,1.0000016169215664,2.8284271879664633,22296,114413,189167,.,default,Full,agent_3_default/custom_seed_64_002,True,89.41069999999999,,,,,,,89.41065662002153,100.0,-0.5387840270996094,78.70000000000671,9.000000000000767,0.2857182079617204,0.05937799807576394,9.828947201290898,16.575764999652158,102.00759999861477,0.013455328310010763,743.1,0.3333333333333333,0.4942499248651974,1.029772198434886,-4.337997846448616e-05,63847802510ebd1e12f4ce1dac23c54b85a6ef3ec13c87a8a9689a0a3ad3e9fc,ok,7432,0.10000000000000853,743.2000000000634,743.1,787,0.14654320002051294,-0.01001155376434326,7432,C:\Users\grape\OneDrive\Multi_Robot_System\maps\custom\map_002.png,5.0,5.0,0.243332,7431.0,1.0,
custom,64,3,3,True,2452,frozen,,0.980432,0.0,0.0,0.042397,2453.0,,,,0.44854484243062964,1.0152620929948042,2.7598678670708248,7359,55660,109925,.,default,Full,agent_3_default/custom_seed_64_003,True,95.7603,,,,,,,95.76029351814105,100.0,-0.08211243152618408,10.399999999999409,2.9999999999998295,0.04977198796276172,0.014129177882121159,9.832416836480844,16.450040001655,90.88309999788181,0.0,,,,,-6.48185894647213e-06,fb39073bc9c30fd7e6e8bd5579efa97607739071e6d639768a02e775a83d2ef2,ok,2453,0.09999999999999432,245.29999999998606,245.2,104,0.2973437583111181,-4.7278404235839724e-05,2453,C:\Users\grape\OneDrive\Multi_Robot_System\maps\custom\map_003.png,5.0,5.0,0.5603,,,
custom,91,3,1,True,592,goal,,1.0,0.0,0.0,0.0,593.0,,,,0.27623448564822584,0.8226831044671431,1.6102497126236233,1779,28449,35940,.,default,Full,agent_3_default/custom_seed_91_001,True,100.0,,,,,,,100.0,100.0,0.14586803317070007,0.0,0.0,0.0,,10.218174705115182,19.12307999446056,33.59449999697972,0.0,59.2,0.3333333333333333,0.26137435595194497,0.46551507949829096,0.0,a7c08df92d029f3d297707e1c16c8099d3b508bba65d4ceba64859f696fa0456,ok,593,0.10000000000000053,59.30000000000032,59.2,0,0.4618051815495322,0.24370020031929018,593,C:\Users\grape\OneDrive\Multi_Robot_System\maps\custom\map_001.png,5.0,1.0,0.2812,592.0,1.0,
custom,91,3,2,True,5223,goal,,0.999809,0.0,0.0,0.059342,5224.0,,,,0.37413440568133904,0.9732102629790408,2.31267015056949,15672,124383,189167,.,default,Full,agent_3_default/custom_seed_91_002,True,94.0658,,,,,,,94.06584992343032,100.0,-0.00914907455444336,30.99999999999989,6.999999999999975,0.005697880445544756,0.0027230599234181066,12.149204766374753,20.724090009025527,106.82900001120288,0.03828483920367535,522.3000000000001,0.3333333333333333,0.4668094869872586,1.0928645751625334,4.992343032483859e-05,a674ef00b89e622f9862dbc201f3859fa31eb63244144a5c19731814e5ec2d04,ok,5224,0.09999999999999964,522.3999999999982,522.3000000000001,310,0.22085626519200996,-0.0012936294078826904,5224,C:\Users\grape\OneDrive\Multi_Robot_System\maps\custom\map_002.png,5.0,5.0,0.243332,5223.0,1.0,
custom,91,3,3,True,9269,goal,,0.978749,0.0,0.0,0.072923,9270.0,,,,0.526548440006579,1.0000184073992018,2.828430559716429,27810,104322,109925,.,default,Full,agent_3_default/custom_seed_91_003,True,92.7077,,,,,,,92.70765911542611,100.0,-0.838119626045227,67.60000000001537,7.000000000001592,0.41577943149455643,0.059377557250874985,11.80922559872924,20.635924999078266,85.85989999119192,0.0,926.9000000000002,0.3333333333333333,0.7809075355529783,1.559875106811523,-4.0884573891730724e-05,2a856ca1fd36ca6248dba574f28f64522dd908c872fd7ba753d5bfdf4a93a8fc,ok,9270,0.10000000000002274,927.0000000002108,926.9000000000002,676,0.2002552405208703,-0.003234529495239256,9270,C:\Users\grape\OneDrive\Multi_Robot_System\maps\custom\map_003.png,5.0,5.0,0.5603,9269.0,1.0,
i_shape,120,3,3,True,895,goal,,0.986607,0.0,0.0,0.0,896.0,,,,0.46376779089198666,1.0000005130761327,2.206196893747436,2688,32980,41483,.,default,Full,agent_3_default/i_shape_seed_120_003,True,100.0,,,,,,,100.0,100.0,0.26301395893096924,0.0,0.0,0.0,,10.225785044797574,18.289225001353774,87.00410000164993,0.0,89.5,0.3333333333333333,0.43018876711527493,0.804413604736328,0.0,d5ff17dcb6e39f4f9518f6d7ba887d1865f43c5774c4a120e7e66e2413b9e551,ok,896,0.10000000000000009,89.60000000000008,89.5,0,0.45884668940146056,0.2863077968358993,896,C:\Users\grape\OneDrive\Multi_Robot_System\maps\i_shape\map_003.png,5.0,1.0,0.17034,895.0,1.0,
i_shape,120,3,15,True,625,goal,,0.990415,0.0,0.0,0.0,626.0,,,,0.32344633500468706,0.8470581457648576,1.966392047083596,1878,33770,41213,.,default,Full,agent_3_default/i_shape_seed_120_015,True,100.0,,,,,,,100.0,100.0,0.05771279335021973,0.0,0.0,0.0,,9.688237699651765,16.853925008035727,38.436900009401135,0.0,62.5,0.3333333333333333,0.3298145453135171,0.78942494392395,0.0,d91e94308318f80d6c5c3bd88f411c5d3440c3bb2f78fcb34990f7792dd4a667,ok,626,0.10000000000000053,62.600000000000335,62.5,0,0.4138570546437376,0.07208302617073059,626,C:\Users\grape\OneDrive\Multi_Robot_System\maps\i_shape\map_015.png,5.0,1.0,0.17574,625.0,1.0,
i_shape,120,3,44,True,976,goal,,0.994882,0.0,0.0,0.0,977.0,,,,0.41730826414557826,0.9893981712508553,1.9818456170135075,2931,33551,41535,.,default,Full,agent_3_default/i_shape_seed_120_044,True,100.0,,,,,,,100.0,100.0,0.016040682792663574,0.0,0.0,0.0,,9.290938996464421,17.54765999503433,44.358399987686425,0.0,97.6,0.3333333333333333,0.11503755251566557,0.2153699874877928,0.0,bfb563cdaf90ae6223fba90c1fa0686052c51c6c47e3c8699c40e0aac36928f9,ok,977,0.1,97.7,97.6,0,0.468417822186022,0.07035417556762695,977,C:\Users\grape\OneDrive\Multi_Robot_System\maps\i_shape\map_044.png,5.0,1.0,0.1693,976.0,1.0,
i_shape,120,3,68,True,650,goal,,0.990783,0.0,0.0,0.0,651.0,,,,0.35243610131851727,0.8726268649146636,2.0967174331695833,1953,34004,41694,.,default,Full,agent_3_default/i_shape_seed_120_068,True,100.0,,,,,,,100.0,100.0,0.123374342918396,0.0,0.0,0.0,,9.85829308735437,18.93104999908246,30.987700010882687,0.0,,,,,0.0,02aed47caec1962c5e68e1076273d919160720ad8b58df736242350cdea0c63e,ok,651,0.10000000000000053,65.10000000000035,65.0,0,0.44868835344475716,0.18113777041435242,651,,,,,,,goal_map_free_cell_count_mismatch
i_shape,120,3,84,True,627,goal,,0.990446,0.0,0.0,0.0,628.0,,,,0.30333150645228635,0.8398714916744039,1.9217766357991168,1884,34372,42528,.,default,Full,agent_3_default/i_shape_seed_120_084,True,100.0,,,,,,,100.0,100.0,0.3650207817554474,0.0,0.0,0.0,,9.694232006869086,18.356129998574026,36.80989998974837,0.0,,,,,0.0,9f654874d8495a7e500c6a3969c6b0af043bd6b51075b8d6417653f00453529b,ok,628,0.10000000000000053,62.80000000000034,62.7,0,0.5051745276447315,0.39883020520210266,628,,,,,,,goal_map_free_cell_count_mismatch
i_shape,120,3,89,True,729,goal,,0.983562,0.0,0.0,0.0,730.0,,,,0.35449500266610623,0.889463519636033,2.239932331952073,2190,33335,42210,.,default,Full,agent_3_default/i_shape_seed_120_089,True,100.0,,,,,,,100.0,100.0,0.05246204137802124,0.0,0.0,0.0,,10.267173425232263,18.44928999780677,37.04629998537712,0.0,72.9,0.3333333333333333,0.18123757044474242,0.35618762969970685,0.0,d7f1afb9d7bebf91edfb57999a337576b37301344e9d19f17ae971a66c85ca7e,ok,730,0.10000000000000053,73.00000000000038,72.9,0,0.46913696817339284,0.09862197637557982,730,C:\Users\grape\OneDrive\Multi_Robot_System\maps\i_shape\map_089.png,5.0,1.0,0.1558,729.0,1.0,
i_shape,140,3,3,True,1030,goal,,1.0,0.0,0.0,0.027158,1031.0,,,,0.3989133518428014,1.000008697463729,1.5042539519627238,3093,32978,41483,.,default,Full,agent_3_default/i_shape_seed_140_003,True,97.2842,,,,,,,97.28419010669253,100.0,-0.008076012134552004,2.7999999999999994,2.7999999999999994,0.00503168393209974,0.005597367882728577,10.27979806008989,17.304749999311753,122.46210000012069,0.09699321047526674,103.0,0.3333333333333333,0.33343016306559264,0.5126383781433108,-9.893307463926249e-06,f4bf20447733d4febd6721a6a60372bc988a2d35135ab5137e9ebdc6c48a6880,ok,1031,0.09999999999999998,103.09999999999998,103.0,28,0.34273526358673806,0.0016984939575195312,1031,C:\Users\grape\OneDrive\Multi_Robot_System\maps\i_shape\map_003.png,5.0,1.0,0.17034,1030.0,1.0,
i_shape,140,3,15,True,640,goal,,0.984399,0.0,0.0,0.020281,641.0,,,,0.39358429742248924,0.9676282641406783,2.2352294639632952,1923,33673,41213,.,default,Full,agent_3_default/i_shape_seed_140_015,True,97.9719,,,,,,,97.97191887675507,100.0,-0.007874369621276854,1.300000000000007,1.300000000000007,0.004906435321073155,0.005038224733792818,9.286804368758323,15.981800010194998,92.44480001507328,0.0,64.0,0.3333333333333333,0.43723514874776176,1.0393016815185545,1.8876755063956807e-05,8e0a6af1c015c3e590f31fa9a4d07b891fb56ac0f02e7cb2a6faa6ea051aff15,ok,641,0.10000000000000053,64.10000000000034,64.0,13,0.4742276802914749,0.02101576328277588,641,C:\Users\grape\OneDrive\Multi_Robot_System\maps\i_shape\map_015.png,5.0,1.0,0.17574,640.0,1.0,
i_shape,140,3,44,True,931,goal,,0.996781,0.0,0.0,0.0,932.0,,,,0.465338881483361,0.9683737110189812,1.7971198587898807,2796,33205,41535,.,default,Full,agent_3_default/i_shape_seed_140_044,True,100.0,,,,,,,100.0,100.0,0.1419922113418579,0.0,0.0,0.0,,9.794628540468162,19.072000018786635,41.110799997113645,0.0,93.1,0.3333333333333333,0.2150415102640785,0.35089354515075666,0.0,0eddb5ce707ae3eb806386c9f0f9ae15171e32f0c3934a5a353b44811cb84eea,ok,932,0.10000000000000009,93.20000000000009,93.1,0,0.507157381000437,0.27676333338022235,932,C:\Users\grape\OneDrive\Multi_Robot_System\maps\i_shape\map_044.png,5.0,1.0,0.1693,931.0,1.0,
i_shape,140,3,68,True,608,goal,,0.973727,0.0,0.0,0.0,609.0,,,,0.3530642443635616,0.854741703518382,1.8634080613667419,1827,33464,41694,.,default,Full,agent_3_default/i_shape_seed_140_068,True,100.0,,,,,,,100.0,100.0,0.2290287613868713,0.0,0.0,0.0,,9.702432839544368,18.28195999842137,86.50460001081228,0.0,,,,,0.0,b4bc86160965e26b9d08445f20cc34ff60edc01fd411e4eb9f91493a4ffba52b,ok,609,0.10000000000000053,60.900000000000325,60.8,0,0.48197762269300387,0.29533188343048095,609,,,,,,,goal_map_free_cell_count_mismatch
i_shape,140,3,84,True,718,goal,,1.0,0.0,0.0,0.0,719.0,,,,0.39977289739601457,1.0000138015020916,1.207548816451763,2157,32724,42528,.,default,Full,agent_3_default/i_shape_seed_140_084,True,100.0,,,,,,,100.0,100.0,0.08336389064788817,0.0,0.0,0.0,,9.954359388098403,18.047140009002764,89.76390000316313,0.0,,,,,0.0,09272bc93eb73a6e6ba79e9edd42b63b0779f67c38b323c7e3413e8d0acbc31d,ok,719,0.10000000000000053,71.90000000000039,71.8,0,0.4695923779372214,0.1769187331199646,719,,,,,,,goal_map_free_cell_count_mismatch
i_shape,140,3,89,True,754,goal,,0.974834,0.0,0.0,0.02649,755.0,,,,0.3573788102651493,0.9709442793693515,2.4775659562254124,2265,34176,42210,.,default,Full,agent_3_default/i_shape_seed_140_089,True,97.351,,,,,,,97.35099337748345,100.0,-0.0571434497833252,2.0000000000000107,2.0000000000000107,0.03495116610693183,0.04179751574993133,11.089065430503931,20.79925998405087,101.82999999960884,0.13245033112582782,75.4,0.3333333333333333,0.34555398623148587,0.6284552097320555,-6.622516551146873e-06,7172f28dbfd70cd049c322fbd054da78f8a357d13aee2d3fd03982f26e0b48eb,ok,755,0.10000000000000053,75.5000000000004,75.4,20,0.3485390378544662,0.0019296884536743164,755,C:\Users\grape\OneDrive\Multi_Robot_System\maps\i_shape\map_089.png,5.0,1.0,0.1558,754.0,1.0,
i_shape,42,3,3,True,1164,goal,,0.986266,0.0,0.0,0.037768,1165.0,,,,0.45007302388109277,1.0250374735774983,2.8284271352829022,3495,33268,41483,.,default,Full,agent_3_default/i_shape_seed_42_003,True,96.22319999999999,,,,,,,96.22317596566523,100.0,-0.3989220857620239,4.399999999999984,2.9999999999999893,0.2192752747722393,0.259217152541334,9.301187725176348,16.31845999800134,83.10589999746297,0.0,116.4,0.3333333333333333,0.5704244295756021,0.9294364929199217,-2.4034334757061515e-05,a0a943cff3d2e0c886cffda841587f8624767dfbfde300ff7596b778226e6d40,ok,1165,0.09999999999999964,116.49999999999959,116.4,44,0.32553355123352085,5.5849552154541205e-05,1165,C:\Users\grape\OneDrive\Multi_Robot_System\maps\i_shape\map_003.png,5.0,1.0,0.17034,1164.0,1.0,
i_shape,42,3,15,True,806,goal,,0.995043,0.0,0.0,0.003717,807.0,,,,0.4157892357503286,1.000089195055016,2.000000014901161,2421,32937,41213,.,default,Full,agent_3_default/i_shape_seed_42_015,True,99.6283,,,,,,,99.62825278810409,100.0,-0.0013921260833740234,0.30000000000000027,0.30000000000000027,0.0008696061678044043,0.001291493574778239,9.184939529121921,16.09495000302558,27.036300001782365,0.0,80.6,0.3333333333333333,0.2872246424357095,0.645033407211304,-4.721189590384256e-05,028662f41090372d9373959c6dfcc6f3e71bb9186dfcd46110dfac2bb8800833,ok,807,0.10000000000000009,80.70000000000007,80.6,3,0.40655344909303986,0.02375743389129639,807,C:\Users\grape\OneDrive\Multi_Robot_System\maps\i_shape\map_015.png,5.0,1.0,0.17574,806.0,1.0,
i_shape,42,3,44,True,828,goal,,1.0,0.0,0.0,0.030157,829.0,,,,0.4293250468115559,1.0000007725979077,2.2004048249465993,2487,32996,41535,.,default,Full,agent_3_default/i_shape_seed_42_044,True,96.9843,,,,,,,96.98431845597105,100.0,-0.08447670936584473,2.500000000000002,2.500000000000002,0.05116197598685335,0.05809333562850952,8.793782629736192,14.388560001680164,28.764699993189424,0.0,82.80000000000001,0.3333333333333333,0.46586381594340026,1.0189075946807864,1.8455971044772923e-05,d0288dff69f9af2e8bdca9752b3bfb09fa6eda7c35dcf9a37260d850907401bb,ok,829,0.10000000000000009,82.90000000000008,82.80000000000001,25,0.43095246647609303,0.032388770580291756,829,C:\Users\grape\OneDrive\Multi_Robot_System\maps\i_shape\map_044.png,5.0,1.0,0.1693,828.0,1.0,
i_shape,42,3,68,True,702,goal,,0.997155,0.0,0.0,0.0,703.0,,,,0.39512301674452127,0.9852071862141439,1.7673447570982508,2109,33687,41694,.,default,Full,agent_3_default/i_shape_seed_42_068,True,100.0,,,,,,,100.0,100.0,0.23244088888168332,0.0,0.0,0.0,,9.0987305832319,16.379490000690566,29.201800003647804,0.0,,,,,0.0,69da33719de6306f9ac18b4a8332f62da26eb62ca3354f97facdf795ed9c9b24,ok,703,0.10000000000000053,70.30000000000038,70.2,0,0.473930251208342,0.2519935160875321,703,,,,,,,goal_map_free_cell_count_mismatch
i_shape,42,3,84,True,655,goal,,1.0,0.0,0.0,0.042683,656.0,,,,0.35385360423220164,0.9592442408468682,2.5552585006219775,1968,34947,42528,.,default,Full,agent_3_default/i_shape_seed_42_084,True,95.7317,,,,,,,95.73170731707317,100.0,-0.12408840656280516,2.800000000000015,2.800000000000015,0.07412150560594566,0.07269683480262756,8.861856859844343,15.989525003533345,22.43309999903431,0.0,,,,,7.317073169588184e-06,b1c95a8c0d945a1d0771bf45cca649960ca79c237da75c6d7637c7572e5434d5,ok,656,0.10000000000000053,65.60000000000035,65.5,28,0.5085534863628265,0.2405388131737709,656,,,,,,,goal_map_free_cell_count_mismatch
i_shape,42,3,89,True,736,goal,,0.983718,0.0,0.0,0.0,737.0,,,,0.33289244584580313,0.936002399674686,2.4345874585146987,2211,33741,42210,.,default,Full,agent_3_default/i_shape_seed_42_089,True,100.0,,,,,,,100.0,100.0,0.001886606216430664,0.0,0.0,0.0,,8.859171370275996,15.258019998145752,33.79249999852618,0.0,73.6,0.6666666666666666,0.11935966809590666,0.35807900428772,0.0,3d05a1fe16d2f413d50bb25d79840dce0e0f8fd2af2ddecfcd3902839c7df8ae,ok,737,0.10000000000000053,73.70000000000039,73.6,0,0.45018923452460136,0.0178348183631897,737,C:\Users\grape\OneDrive\Multi_Robot_System\maps\i_shape\map_089.png,5.0,1.0,0.1558,736.0,2.0,
i_shape,64,3,3,True,818,goal,,0.985348,0.0,0.0,0.0,819.0,,,,0.357269425596856,0.9030573844075337,2.000000014901161,2457,33640,41483,.,default,Full,agent_3_default/i_shape_seed_64_003,True,100.0,,,,,,,100.0,100.0,0.20184746384620664,0.0,0.0,0.0,,9.376368009664333,16.338439999526592,23.07699999801116,0.0,81.80000000000001,0.3333333333333333,0.326628319422404,0.6420693874359129,0.0,1dd70e81d21c93b757b50c00c5f1fc303be70ce7d0655e52902f381fca6abd32,ok,819,0.10000000000000009,81.90000000000008,81.80000000000001,0,0.47630941351109224,0.28524789214134216,819,C:\Users\grape\OneDrive\Multi_Robot_System\maps\i_shape\map_003.png,5.0,1.0,0.17034,818.0,1.0,
i_shape,64,3,15,True,783,goal,,0.987245,0.0,0.0,0.0,784.0,,,,0.43589219211231145,1.001525257091052,2.1379894782043647,2352,32312,41213,.,default,Full,agent_3_default/i_shape_seed_64_015,True,100.0,,,,,,,100.0,100.0,0.17817294597625732,0.0,0.0,0.0,,9.167539413246399,16.033275000154386,23.97090000158641,0.0,78.30000000000001,0.3333333333333333,0.3809525489807128,0.6508780002593992,0.0,589db4f00e40669cd99ded621a3e6cba88a3917a64daa0aeb29eb196e7285f6f,ok,784,0.10000000000000053,78.40000000000042,78.30000000000001,0,0.49000776874623736,0.2547162011265755,784,C:\Users\grape\OneDrive\Multi_Robot_System\maps\i_shape\map_015.png,5.0,1.0,0.17574,783.0,1.0,
i_shape,64,3,44,True,847,goal,,0.996462,0.0,0.0,0.0,848.0,,,,0.4035113979309785,0.9360811026246806,1.9549901259807427,2544,34407,41535,.,default,Full,agent_3_default/i_shape_seed_64_044,True,100.0,,,,,,,100.0,100.0,0.36014324426651,0.0,0.0,0.0,,9.586168985881056,16.890160001275937,109.4937000016216,0.1179245283018868,84.7,0.3333333333333333,0.13298896153767892,0.3535206794738768,0.0,5b96b6c72e0f9b1a47a4738dca666ebc40999ddef7f8716ab2d9117ed6e4264e,ok,848,0.10000000000000009,84.80000000000007,84.7,0,0.534780888906065,0.37083884626626973,848,C:\Users\grape\OneDrive\Multi_Robot_System\maps\i_shape\map_044.png,5.0,1.0,0.1693,847.0,1.0,
i_shape,64,3,68,True,660,goal,,0.990923,0.0,0.0,0.016641,661.0,,,,0.39511987158281214,0.984531389643442,2.229594796827571,1983,33146,41694,.,default,Full,agent_3_default/i_shape_seed_64_068,True,98.3359,,,,,,,98.33585476550681,100.0,-0.0015235543251037595,1.1000000000000059,1.1000000000000059,0.0009516554231621122,0.001335068182511763,8.998768381252582,15.292000003682917,80.76129999972181,0.0,,,,,-4.5234493185830615e-05,82bb03a96d02c192544fc232f042feaf9ce3d720ea31fa701a3e75a6ff05e0b0,ok,661,0.10000000000000053,66.10000000000035,66.0,11,0.4159550675375559,0.002691984176635742,661,,,,,,,goal_map_free_cell_count_mismatch
i_shape,64,3,84,True,609,goal,,1.0,0.0,0.0,0.068852,610.0,,,,0.30944620836324044,0.9626845756706062,2.7770613981957726,1830,35407,42528,.,default,Full,agent_3_default/i_shape_seed_64_084,True,93.1148,,,,,,,93.11475409836065,100.0,-0.17070430517196655,4.200000000000022,4.200000000000022,0.10039119563219112,0.08359584638050624,8.993468196553533,16.33623000343504,29.18629999476252,0.0,,,,,-4.590163935347391e-05,be96f80a14e105c8e9763b6c35a18e3a30f54b00ff575dc9185f8825295b8d54,ok,610,0.10000000000000053,61.00000000000033,60.900000000000006,42,0.48384757271555606,-0.02805973589420318,610,,,,,,,goal_map_free_cell_count_mismatch
i_shape,64,3,89,True,742,goal,,0.90175,0.0,0.0,0.0,743.0,,,,0.384751237217272,1.0021232185539806,2.0824004543217773,2229,33716,42210,.,default,Full,agent_3_default/i_shape_seed_64_089,True,100.0,,,,,,,100.0,100.0,0.22863310575485227,0.0,0.0,0.0,,9.413787483084214,16.876380000758214,36.5181000015582,0.0,74.2,0.3333333333333333,0.29085615475972465,0.5025959491729735,0.0,87b69219f93153665ce6d4be8f0e5b70972c3d0217054ee5382334c38ba4a623,ok,743,0.10000000000000053,74.3000000000004,74.2,0,0.5209886976799766,0.35903915762901306,743,C:\Users\grape\OneDrive\Multi_Robot_System\maps\i_shape\map_089.png,5.0,1.0,0.1558,742.0,1.0,
i_shape,91,3,3,True,1050,goal,,0.987631,0.0,0.0,0.0,1051.0,,,,0.4428303011901098,1.0159529802128655,2.049783985789509,3153,33327,41483,.,default,Full,agent_3_default/i_shape_seed_91_003,True,100.0,,,,,,,100.0,100.0,0.18982642889022827,0.0,0.0,0.0,,9.847169647961488,17.772100000001956,82.90569999371654,0.0,105.0,0.3333333333333333,0.31875462532043447,0.7058895111083987,0.0,f3ed295b82601001dc38720d1eef9de4c4481342529fcc73487ea76f7a3943e7,ok,1051,0.09999999999999992,105.09999999999992,105.0,0,0.5111461251151778,0.2565797120332718,1051,C:\Users\grape\OneDrive\Multi_Robot_System\maps\i_shape\map_003.png,5.0,1.0,0.17034,1050.0,1.0,
i_shape,91,3,15,True,799,goal,,0.98625,0.0,0.0,0.0,800.0,,,,0.4247739029649852,0.9790685072998128,2.000000014901161,2400,33270,41213,.,default,Full,agent_3_default/i_shape_seed_91_015,True,100.0,,,,,,,100.0,100.0,0.2278481423854828,0.0,0.0,0.0,,9.341325250443333,16.35941499407635,25.3936000081012,0.0,79.9,0.3333333333333333,0.18735022544860813,0.4154434680938719,0.0,8101a89e3234953f9ad76a01163ea4945707161ea2f939c20b096f11fce10c2e,ok,800,0.10000000000000009,80.00000000000007,79.9,0,0.5028805171325803,0.30088117569684986,800,C:\Users\grape\OneDrive\Multi_Robot_System\maps\i_shape\map_015.png,5.0,1.0,0.17574,799.0,1.0,
i_shape,91,3,44,True,815,goal,,0.998775,0.0,0.0,0.0,816.0,,,,0.3556606166151576,0.8640089705490552,1.812426356916086,2448,32685,41535,.,default,Full,agent_3_default/i_shape_seed_91_044,True,100.0,,,,,,,100.0,100.0,0.07844209671020509,0.0,0.0,0.0,,9.488034559063973,16.219799996179063,29.90330000466201,0.0,81.5,0.3333333333333333,0.1698774019877113,0.49416284561157164,0.0,08d4346f2b84aacded8242f24b80b0a33021b0249d59a79468bb5823edc52c48,ok,816,0.10000000000000009,81.60000000000008,81.5,0,0.4830210886019118,0.27849392592906946,816,C:\Users\grape\OneDrive\Multi_Robot_System\maps\i_shape\map_044.png,5.0,1.0,0.1693,815.0,1.0,
i_shape,91,3,68,True,657,goal,,0.992401,0.0,0.0,0.019757,658.0,,,,0.39885284193371895,1.0000042742939583,2.3799164025926642,1974,33850,41694,.,default,Full,agent_3_default/i_shape_seed_91_068,True,98.0243,,,,,,,98.0243161094225,100.0,-0.01716315746307373,1.300000000000007,1.300000000000007,0.010656004395868113,0.011590169026301457,9.272227811208314,15.542470007494556,41.23309999704361,0.0,,,,,1.6109422503518545e-05,ec8470ce485e412c017cacc8d18b0763910a314e20cec705b2f6a21ec7b3db49,ok,658,0.10000000000000053,65.80000000000035,65.7,13,0.4010479451584599,0.05185481309890747,658,,,,,,,goal_map_free_cell_count_mismatch
i_shape,91,3,84,True,657,goal,,0.957447,0.0,0.0,0.0,658.0,,,,0.44374364784736203,1.0149553922790508,2.000000014901161,1974,32853,42528,.,default,Full,agent_3_default/i_shape_seed_91_084,True,100.0,,,,,,,100.0,100.0,0.005328893661499024,0.0,0.0,0.0,,9.708469757082373,17.166635007743025,31.788199994480237,0.0,,,,,0.0,defa62037e304642fda6ee8a06c04b1202d8c2d3827c97cd99ab010cd3b2c649,ok,658,0.10000000000000053,65.80000000000035,65.7,0,0.4835063374422966,0.10207733809947968,658,,,,,,,goal_map_free_cell_count_mismatch
i_shape,91,3,89,True,588,goal,,1.0,0.0,0.0,0.0,589.0,,,,0.2418482305699825,0.7811226981623469,0.9315676640122014,1767,33594,42210,.,default,Full,agent_3_default/i_shape_seed_91_089,True,100.0,,,,,,,100.0,100.0,0.16283318400382996,0.0,0.0,0.0,,9.44179473656304,16.47514000360388,27.478500007418916,0.0,58.8,0.3333333333333333,0.3440887451171875,0.6933374881744387,0.0,9f27b9ce8ac168c17f7a28dcbf55bd218aa1e2a9187746fc216cc65a84e261f6,ok,589,0.10000000000000053,58.90000000000031,58.8,0,0.47486739753664853,0.32738252878189084,589,C:\Users\grape\OneDrive\Multi_Robot_System\maps\i_shape\map_089.png,5.0,1.0,0.1558,588.0,1.0,
square,120,3,34,True,1852,goal,,0.994603,0.0,0.0,0.01565,1853.0,,,,0.36391548025424125,1.0000013749333192,2.1703622957403437,5559,72200,80530,.,default,Full,agent_3_default/square_seed_120_034,True,98.43499999999999,,,,,,,98.43497031840259,100.0,-0.005615174770355225,2.899999999999938,2.899999999999938,0.0035018200168280833,0.002497905287249335,12.470878737278637,24.561699992045757,111.3515000033658,0.053966540744738264,185.2,0.3333333333333333,0.19621493021647174,0.3501380920410164,-2.9681597396802317e-05,87ece5800b7b892f18a95a408cd264f7c5d1c90d4aec69aee7bbfae8decb1b54,ok,1853,0.09999999999999787,185.29999999999606,185.2,29,0.4078421664604675,0.0024154663085937497,1853,C:\Users\grape\OneDrive\Multi_Robot_System\maps\square\map_034.png,5.0,5.0,0.67788,1852.0,1.0,
square,120,3,49,True,1549,goal,,1.0,0.0,0.0,0.021935,1550.0,,,,0.40357197967318037,0.9741251919452019,2.8284271352829022,4650,54685,63573,.,default,Full,agent_3_default/square_seed_120_049,True,97.8065,,,,,,,97.80645161290322,100.0,-0.233298122882843,3.3999999999999275,2.999999999999936,0.13450421234087706,0.16011521220207214,12.656170000048023,24.32511001679813,42.481599986786016,0.0,154.9,0.3333333333333333,0.17736234664916997,0.37700018882751474,-4.8387096782676053e-05,1bf914685128e6118fecb68136683a6a69604b7c1dba0d454bfc3b46cd304de0,ok,1550,0.09999999999999787,154.9999999999967,154.9,34,0.4196993233503834,0.023286917805671697,1550,C:\Users\grape\OneDrive\Multi_Robot_System\maps\square\map_049.png,5.0,5.0,0.745708,1549.0,1.0,
square,120,3,69,True,1699,goal,,0.982941,0.0,0.0,0.0,1700.0,,,,0.30835847252600856,0.9208711687973254,2.594073456353249,5100,60819,69676,.,default,Full,agent_3_default/square_seed_120_069,True,100.0,,,,,,,100.0,100.0,0.0824662446975708,0.0,0.0,0.0,,10.784331529387547,21.661624999251213,103.7887000129558,0.0588235294117647,169.9,0.3333333333333333,0.25941921869913775,0.5076431274414066,0.0,b803eb724d765edf6a94b9dd2978ae992a921b1221c49a7d2910f695cc5a692a,ok,1700,0.09999999999999787,169.99999999999636,169.9,0,0.4791049335984623,0.3309297561645508,1700,C:\Users\grape\OneDrive\Multi_Robot_System\maps\square\map_069.png,5.0,5.0,0.721296,1699.0,1.0,
square,140,3,34,True,1824,goal,,0.98137,0.0,0.0,0.012055,1825.0,,,,0.32879584441504994,0.8724951531318603,2.002355791677412,5475,69760,80530,.,default,Full,agent_3_default/square_seed_140_034,True,98.7945,,,,,,,98.79452054794521,100.0,-0.007457733154296875,2.199999999999953,1.599999999999966,0.004647583202918026,0.004161116751757535,12.777867507036419,24.552200007019557,57.32569997780956,0.0,182.4,0.3333333333333333,0.5037785530090334,0.8449894428253177,2.054794521200165e-05,0c97610bd7bc4655abb44efc123ba394730aae05d746a556c714f40742e1bbc3,ok,1825,0.09999999999999787,182.4999999999961,182.4,22,0.4038868407843864,0.0018776655197143555,1825,C:\Users\grape\OneDrive\Multi_Robot_System\maps\square\map_034.png,5.0,5.0,0.67788,1824.0,1.0,
square,140,3,49,True,2126,goal,,0.984955,0.0,0.0,0.0315,2127.0,,,,0.38296218426845363,1.000000686363322,2.1214245135283223,6381,55533,63573,.,default,Full,agent_3_default/square_seed_140_049,True,96.85000000000001,,,,,,,96.85002350728726,100.0,-0.005358517169952393,6.699999999999619,3.099999999999824,0.003342092243368344,0.0022263117690584553,11.437876540088178,22.18609000265132,48.80889999913052,0.0,212.6,0.3333333333333333,0.3436322053273521,0.7462769508361817,2.3507287252755305e-05,f860338651ae945a5e2c594384f4e269363e7ec7a490d04e760bcf5b750a17fb,ok,2127,0.09999999999999432,212.6999999999879,212.6,67,0.30687943629160364,0.0008890032768249515,2127,C:\Users\grape\OneDrive\Multi_Robot_System\maps\square\map_049.png,5.0,5.0,0.745708,2126.0,1.0,
square,140,3,69,True,1260,goal,,1.0,0.0,0.0,0.061856,1261.0,,,,0.26509596125112866,0.9972567898064505,2.53056022186675,3783,56655,69676,.,default,Full,agent_3_default/square_seed_140_069,True,93.81439999999999,,,,,,,93.81443298969072,100.0,-0.4479856491088867,7.799999999999972,3.699999999999987,0.2430655056653377,0.19642450564946884,11.551281998905557,23.25910000945441,90.97449999535456,0.0,126.0,0.3333333333333333,0.5630790693499443,0.9964827271594189,3.298969072318414e-05,a45e7fb86393cc6ad4f46dc96980a9fb2181efb6170d4e228f51bb4cc64fb0cb,ok,1261,0.09999999999999964,126.09999999999955,126.0,78,0.3349090410214771,-0.018235146999359127,1261,C:\Users\grape\OneDrive\Multi_Robot_System\maps\square\map_069.png,5.0,5.0,0.721296,1260.0,1.0,
square,42,3,34,True,2099,goal,,0.997143,0.0,0.0,0.041429,2100.0,,,,0.34334560845152984,0.9303109033793386,2.2535834601079143,6300,72212,80530,.,default,Full,agent_3_default/square_seed_42_034,True,95.85709999999999,,,,,,,95.85714285714286,100.0,-0.04902422428131104,8.699999999999505,3.099999999999824,0.030074830531146235,0.011801007835344336,9.161448428491159,16.191610001624213,30.637600000773087,0.0,209.9,0.3333333333333333,0.4844327192707056,0.8225228015193917,4.285714287277642e-05,c4bed66c4f482fae0849b21bb46307578dfda2645c4f253915eef7bf0a8d4fe8,ok,2100,0.09999999999999432,209.99999999998806,209.9,87,0.3455325362228212,-0.00028351843357086174,2100,C:\Users\grape\OneDrive\Multi_Robot_System\maps\square\map_034.png,5.0,5.0,0.67788,2099.0,1.0,
square,42,3,49,True,1823,goal,,0.997259,0.0,0.0,0.055921,1824.0,,,,0.41110303536511594,1.0000018255759713,1.9341500861239598,5472,54562,63573,.,default,Full,agent_3_default/square_seed_42_049,True,94.4079,,,,,,,94.4078947368421,100.0,-0.04282253980636597,10.199999999999783,4.1999999999999105,0.0263307690061928,0.008114484010958205,9.402461348695637,16.484829996988992,108.63419999805046,0.05482456140350877,182.3,0.3333333333333333,0.5311237812042239,0.8270603179931642,-5.263157902390958e-06,a4f983b3a4e378bf36b6a75288afaf8cd9b19001ac8a6cc636734a89ea11bdc2,ok,1824,0.09999999999999787,182.3999999999961,182.3,102,0.3450230314608729,-0.0017033696174621577,1824,C:\Users\grape\OneDrive\Multi_Robot_System\maps\square\map_049.png,5.0,5.0,0.745708,1823.0,1.0,
square,42,3,69,True,1136,goal,,0.994723,0.0,0.0,0.012313,1137.0,,,,0.2733212454987012,0.8234069000200294,2.2347055301595287,3411,47549,69676,.,default,Full,agent_3_default/square_seed_42_069,True,98.7687,,,,,,,98.76868953386105,100.0,-0.09682440757751466,1.399999999999995,1.399999999999995,0.058384766627131324,0.05878417406763349,9.426108970963993,16.209740001067985,86.12379999976838,0.0,113.6,0.3333333333333333,0.290943086055784,0.4664098331566706,-1.0466138945730563e-05,e80c692afc68856fbdfb9fa5d3d9bf069eecffcab63452443d7cf41c1c2e8015,ok,1137,0.09999999999999964,113.69999999999959,113.6,14,0.418632731116856,0.08617913722991945,1137,C:\Users\grape\OneDrive\Multi_Robot_System\maps\square\map_069.png,5.0,5.0,0.721296,1136.0,1.0,
square,64,3,34,True,2259,goal,,0.996903,0.0,0.0,0.020354,2260.0,,,,0.3592817536658988,1.00000006228094,2.1765533767871754,6780,72759,80530,.,default,Full,agent_3_default/square_seed_64_034,True,97.9646,,,,,,,97.96460176991151,100.0,-0.31939905881881714,4.5999999999997385,2.9999999999998295,0.1794891825940791,0.09280704674513443,9.366386460153354,16.330159998688032,31.766499996592763,0.0,225.9,0.3333333333333333,0.40740817415016145,0.6794498903258247,1.7699115062441706e-06,f662b800395d7926a9cb5bfa24e2c53b46a09559e8f54bdf1d87cf08c3528775,ok,2260,0.09999999999999432,225.99999999998715,225.9,46,0.3379387304582427,-3.0708312988281246e-05,2260,C:\Users\grape\OneDrive\Multi_Robot_System\maps\square\map_034.png,5.0,5.0,0.67788,2259.0,1.0,
square,64,3,49,True,1451,goal,,0.997934,0.0,0.0,0.012397,1452.0,,,,0.3604725901203328,0.9094583284366768,2.0313936429516817,4356,51577,63573,.,default,Full,agent_3_default/square_seed_64_049,True,98.7603,,,,,,,98.7603305785124,100.0,-0.003026247024536133,1.7999999999999936,1.7999999999999936,0.0018891737793547136,0.0020325183868408203,9.518047658400738,16.306089999125106,82.24700000573648,0.0,145.1,0.3333333333333333,0.4180304053146798,0.7979386814591759,3.0578512394185964e-05,3af01130b6401ccf41f663b4ac69080529cbf1b919bc314ddb1061eff8e4206f,ok,1452,0.09999999999999964,145.19999999999948,145.1,18,0.4558414121879362,0.09624734222888943,1452,C:\Users\grape\OneDrive\Multi_Robot_System\maps\square\map_049.png,5.0,5.0,0.745708,1451.0,1.0,
square,64,3,69,True,1343,goal,,1.0,0.0,0.0,0.0,1344.0,,,,0.2986773490464345,0.9502681816258576,1.9629283949565834,4032,57897,69676,.,default,Full,agent_3_default/square_seed_64_069,True,100.0,,,,,,,100.0,100.0,-0.0003676414489746094,0.0,0.0,0.0,,9.187217559569728,16.040659999271146,28.92680000513792,0.0,134.3,0.3333333333333333,0.38569132799168004,0.9064223941875313,0.0,662957ad79438e6e4ceca2ab75593659f965f5d638777419c59395b43e4e1e4d,ok,1344,0.09999999999999964,134.39999999999952,134.3,0,0.3294174578040838,0.0001481175422668457,1344,C:\Users\grape\OneDrive\Multi_Robot_System\maps\square\map_069.png,5.0,5.0,0.721296,1343.0,1.0,
square,91,3,34,True,1959,goal,,0.992857,0.0,0.0,0.052041,1960.0,,,,0.32140220299865746,0.9227799237922264,2.8284271352829022,5880,71275,80530,.,default,Full,agent_3_default/square_seed_91_034,True,94.7959,,,,,,,94.79591836734694,100.0,-0.18320608139038083,10.19999999999942,3.3999999999998067,0.10730704912415445,0.06718266828387391,9.965239693924465,17.014194993680576,33.12449999793898,0.0,195.9,0.3333333333333333,0.38572471936543823,0.6020733356475834,1.8367346939385243e-05,6eb134a6b49f4eb943e6b3612817911671075a84735820a29ddb5ab25e5087d3,ok,1960,0.09999999999999432,195.99999999998886,195.9,102,0.36253089650857206,-0.0025607347488403307,1960,C:\Users\grape\OneDrive\Multi_Robot_System\maps\square\map_034.png,5.0,5.0,0.67788,1959.0,1.0,
square,91,3,49,True,2356,goal,,0.973271,0.0,0.022486,0.028002,2357.0,,,,0.4300158664203437,1.0164950825414911,2.1399716565365816,7071,55818,63573,.,default,Full,agent_3_default/square_seed_91_049,True,97.1998,,,,,,,97.19983029274502,97.75137887144676,-0.0362410545349121,6.599999999999625,4.5999999999997385,0.02233877114903937,0.016896968538110905,10.072322571221184,17.12392000190448,93.66220000083558,0.0,235.6,0.3333333333333333,0.3401545524597169,0.5544427394866944,3.0292745023530188e-05,8052b3288a24ea8e39ca82a45d41954fbd38857ddbdc78256025745d17241155,ok,2357,0.09999999999999432,235.6999999999866,235.6,66,0.34268803439961687,0.012109816074371338,2357,C:\Users\grape\OneDrive\Multi_Robot_System\maps\square\map_049.png,5.0,5.0,0.745708,2356.0,1.0,
square,91,3,69,True,1474,goal,,0.988475,0.0,0.0,0.0,1475.0,,,,0.2850619246421638,0.8689119781285514,2.248962182015207,4425,58997,69676,.,default,Full,agent_3_default/square_seed_91_069,True,100.0,,,,,,,100.0,100.0,0.0001990795135498047,0.0,0.0,0.0,,9.798028542378018,16.25637000252027,37.76089999882969,0.0,147.4,0.3333333333333333,0.07751247406074328,0.1631066894551787,0.0,aa0c841802aff8647b4cade828a57a93488e888bd081e22b7a798b46266f4bbf,ok,1475,0.09999999999999964,147.4999999999995,147.4,0,0.4479430045919903,0.06926182508468628,1475,C:\Users\grape\OneDrive\Multi_Robot_System\maps\square\map_069.png,5.0,5.0,0.721296,1474.0,1.0,
custom,120,3,1,True,702,goal,,0.974395,0.0,0.0,0.0,703.0,,,,0.29998622121318524,0.835093931386212,2.000000014901161,2109,28065,35940,.,team_ablation,Frontier,agent_3_team_ablation/custom_seed_120_001,False,100.0,,,,,,,100.0,100.0,0.010205447673797607,0.0,0.0,0.0,,8.955821621913667,16.40264001325704,82.23770000040531,0.0,70.2,0.3333333333333333,0.379429858525594,0.712064208984375,0.0,05ebe9067de22d9276ce056c46e6654a401bd1f285533c9448e0e882af6dcfff,ok,703,0.10000000000000053,70.30000000000038,70.2,0,0.40650570867410935,0.11501560807228088,703,C:\Users\grape\OneDrive\Multi_Robot_System\maps\custom\map_001.png,5.0,1.0,0.2812,702.0,1.0,
custom,120,3,2,True,1103,frozen,,0.985507,0.0,0.0,0.0,1104.0,,,,0.33874055828554517,1.021933091616585,2.5150620269377018,3312,36217,189167,.,team_ablation,Frontier,agent_3_team_ablation/custom_seed_120_002,False,100.0,,,,,,,100.0,100.0,0.10966485738754272,0.0,0.0,0.0,,10.55586820673826,20.444785006111477,88.25339999748394,0.0,,,,,0.0,060dbef823e8b1dafee9132dee82b8d40f7dd9113ee0597a98b10dbdff6ea262,ok,1104,0.09999999999999964,110.39999999999961,110.3,0,0.5167698934674263,0.2691257447004318,1104,C:\Users\grape\OneDrive\Multi_Robot_System\maps\custom\map_002.png,5.0,5.0,0.243332,,,
custom,120,3,3,True,806,frozen,,1.0,0.0,0.0,0.118959,807.0,,,,0.3286563627753388,0.9413720059445589,1.2284799242057727,2421,25297,109925,.,team_ablation,Frontier,agent_3_team_ablation/custom_seed_120_003,False,88.1041,,,,,,,88.10408921933086,100.0,-0.017880141735076904,9.600000000000009,8.400000000000007,0.011098108575699372,0.006926639626423518,10.439148575393252,20.38556998595594,33.566400001291186,0.0,,,,,-1.0780669143173327e-05,c13fb5866b440036b4edd72847b9a49125f693d2dec48dcb3a530b0160ebe529,ok,807,0.10000000000000009,80.70000000000007,80.6,96,0.38034715853363754,-0.006307423114776611,807,C:\Users\grape\OneDrive\Multi_Robot_System\maps\custom\map_003.png,5.0,5.0,0.5603,,,
custom,140,3,1,True,702,goal,,0.974395,0.0,0.0,0.0,703.0,,,,0.29998622121318524,0.835093931386212,2.000000014901161,2109,28065,35940,.,team_ablation,Frontier,agent_3_team_ablation/custom_seed_140_001,False,100.0,,,,,,,100.0,100.0,0.010205447673797607,0.0,0.0,0.0,,9.290454195975293,15.910090005490929,27.330100012477487,0.0,70.2,0.3333333333333333,0.379429858525594,0.712064208984375,0.0,05ebe9067de22d9276ce056c46e6654a401bd1f285533c9448e0e882af6dcfff,ok,703,0.10000000000000053,70.30000000000038,70.2,0,0.40650570867410935,0.11501560807228088,703,C:\Users\grape\OneDrive\Multi_Robot_System\maps\custom\map_001.png,5.0,1.0,0.2812,702.0,1.0,
custom,140,3,2,True,1103,frozen,,0.985507,0.0,0.0,0.0,1104.0,,,,0.33874055828554517,1.021933091616585,2.5150620269377018,3312,36217,189167,.,team_ablation,Frontier,agent_3_team_ablation/custom_seed_140_002,False,100.0,,,,,,,100.0,100.0,0.10966485738754272,0.0,0.0,0.0,,10.335004256969272,19.12523501669056,84.84139997744931,0.0,,,,,0.0,060dbef823e8b1dafee9132dee82b8d40f7dd9113ee0597a98b10dbdff6ea262,ok,1104,0.09999999999999964,110.39999999999961,110.3,0,0.5167698934674263,0.2691257447004318,1104,C:\Users\grape\OneDrive\Multi_Robot_System\maps\custom\map_002.png,5.0,5.0,0.243332,,,
custom,140,3,3,True,806,frozen,,1.0,0.0,0.0,0.118959,807.0,,,,0.3286563627753388,0.9413720059445589,1.2284799242057727,2421,25297,109925,.,team_ablation,Frontier,agent_3_team_ablation/custom_seed_140_003,False,88.1041,,,,,,,88.10408921933086,100.0,-0.017880141735076904,9.600000000000009,8.400000000000007,0.011098108575699372,0.006926639626423518,10.328132838219673,20.64799000509082,44.556900014868006,0.0,,,,,-1.0780669143173327e-05,c13fb5866b440036b4edd72847b9a49125f693d2dec48dcb3a530b0160ebe529,ok,807,0.10000000000000009,80.70000000000007,80.6,96,0.38034715853363754,-0.006307423114776611,807,C:\Users\grape\OneDrive\Multi_Robot_System\maps\custom\map_003.png,5.0,5.0,0.5603,,,
custom,42,3,1,True,702,goal,,0.974395,0.0,0.0,0.0,703.0,,,,0.29998622121318524,0.835093931386212,2.000000014901161,2109,28065,35940,.,team_ablation,Frontier,agent_3_team_ablation/custom_seed_42_001,True,100.0,,,,,,,100.0,100.0,0.010205447673797607,0.0,0.0,0.0,,9.642906401146258,17.257989999779966,23.32189999287948,0.0,70.2,0.3333333333333333,0.379429858525594,0.712064208984375,0.0,05ebe9067de22d9276ce056c46e6654a401bd1f285533c9448e0e882af6dcfff,ok,703,0.10000000000000053,70.30000000000038,70.2,0,0.40650570867410935,0.11501560807228088,703,C:\Users\grape\OneDrive\Multi_Robot_System\maps\custom\map_001.png,5.0,1.0,0.2812,702.0,1.0,
custom,42,3,2,True,1103,frozen,,0.985507,0.0,0.0,0.0,1104.0,,,,0.33874055828554517,1.021933091616585,2.5150620269377018,3312,36217,189167,.,team_ablation,Frontier,agent_3_team_ablation/custom_seed_42_002,True,100.0,,,,,,,100.0,100.0,0.10966485738754272,0.0,0.0,0.0,,11.284556159491489,21.41079000139142,91.50629999930969,0.0,,,,,0.0,060dbef823e8b1dafee9132dee82b8d40f7dd9113ee0597a98b10dbdff6ea262,ok,1104,0.09999999999999964,110.39999999999961,110.3,0,0.5167698934674263,0.2691257447004318,1104,C:\Users\grape\OneDrive\Multi_Robot_System\maps\custom\map_002.png,5.0,5.0,0.243332,,,
custom,42,3,3,True,806,frozen,,1.0,0.0,0.0,0.118959,807.0,,,,0.3286563627753388,0.9413720059445589,1.2284799242057727,2421,25297,109925,.,team_ablation,Frontier,agent_3_team_ablation/custom_seed_42_003,True,88.1041,,,,,,,88.10408921933086,100.0,-0.017880141735076904,9.600000000000009,8.400000000000007,0.011098108575699372,0.006926639626423518,11.176118711094013,20.434199996816453,39.05669999949168,0.0,,,,,-1.0780669143173327e-05,c13fb5866b440036b4edd72847b9a49125f693d2dec48dcb3a530b0160ebe529,ok,807,0.10000000000000009,80.70000000000007,80.6,96,0.38034715853363754,-0.006307423114776611,807,C:\Users\grape\OneDrive\Multi_Robot_System\maps\custom\map_003.png,5.0,5.0,0.5603,,,
custom,64,3,1,True,702,goal,,0.974395,0.0,0.0,0.0,703.0,,,,0.29998622121318524,0.835093931386212,2.000000014901161,2109,28065,35940,.,team_ablation,Frontier,agent_3_team_ablation/custom_seed_64_001,False,100.0,,,,,,,100.0,100.0,0.010205447673797607,0.0,0.0,0.0,,9.491761877443436,16.790770007355594,83.78119999542832,0.0,70.2,0.3333333333333333,0.379429858525594,0.712064208984375,0.0,05ebe9067de22d9276ce056c46e6654a401bd1f285533c9448e0e882af6dcfff,ok,703,0.10000000000000053,70.30000000000038,70.2,0,0.40650570867410935,0.11501560807228088,703,C:\Users\grape\OneDrive\Multi_Robot_System\maps\custom\map_001.png,5.0,1.0,0.2812,702.0,1.0,
custom,64,3,2,True,1103,frozen,,0.985507,0.0,0.0,0.0,1104.0,,,,0.33874055828554517,1.021933091616585,2.5150620269377018,3312,36217,189167,.,team_ablation,Frontier,agent_3_team_ablation/custom_seed_64_002,False,100.0,,,,,,,100.0,100.0,0.10966485738754272,0.0,0.0,0.0,,10.285558333160461,19.565900007000884,46.07540000870358,0.0,,,,,0.0,060dbef823e8b1dafee9132dee82b8d40f7dd9113ee0597a98b10dbdff6ea262,ok,1104,0.09999999999999964,110.39999999999961,110.3,0,0.5167698934674263,0.2691257447004318,1104,C:\Users\grape\OneDrive\Multi_Robot_System\maps\custom\map_002.png,5.0,5.0,0.243332,,,
custom,64,3,3,True,806,frozen,,1.0,0.0,0.0,0.118959,807.0,,,,0.3286563627753388,0.9413720059445589,1.2284799242057727,2421,25297,109925,.,team_ablation,Frontier,agent_3_team_ablation/custom_seed_64_003,False,88.1041,,,,,,,88.10408921933086,100.0,-0.017880141735076904,9.600000000000009,8.400000000000007,0.011098108575699372,0.006926639626423518,10.360282403647743,18.984150001779184,84.01440001034644,0.0,,,,,-1.0780669143173327e-05,c13fb5866b440036b4edd72847b9a49125f693d2dec48dcb3a530b0160ebe529,ok,807,0.10000000000000009,80.70000000000007,80.6,96,0.38034715853363754,-0.006307423114776611,807,C:\Users\grape\OneDrive\Multi_Robot_System\maps\custom\map_003.png,5.0,5.0,0.5603,,,
custom,91,3,1,True,702,goal,,0.974395,0.0,0.0,0.0,703.0,,,,0.29998622121318524,0.835093931386212,2.000000014901161,2109,28065,35940,.,team_ablation,Frontier,agent_3_team_ablation/custom_seed_91_001,False,100.0,,,,,,,100.0,100.0,0.010205447673797607,0.0,0.0,0.0,,9.581269274680519,16.912110004341216,31.336599990027025,0.0,70.2,0.3333333333333333,0.379429858525594,0.712064208984375,0.0,05ebe9067de22d9276ce056c46e6654a401bd1f285533c9448e0e882af6dcfff,ok,703,0.10000000000000053,70.30000000000038,70.2,0,0.40650570867410935,0.11501560807228088,703,C:\Users\grape\OneDrive\Multi_Robot_System\maps\custom\map_001.png,5.0,1.0,0.2812,702.0,1.0,
custom,91,3,2,True,1103,frozen,,0.985507,0.0,0.0,0.0,1104.0,,,,0.33874055828554517,1.021933091616585,2.5150620269377018,3312,36217,189167,.,team_ablation,Frontier,agent_3_team_ablation/custom_seed_91_002,False,100.0,,,,,,,100.0,100.0,0.10966485738754272,0.0,0.0,0.0,,10.268694656126858,18.927185009670207,77.61980000941548,0.0,,,,,0.0,060dbef823e8b1dafee9132dee82b8d40f7dd9113ee0597a98b10dbdff6ea262,ok,1104,0.09999999999999964,110.39999999999961,110.3,0,0.5167698934674263,0.2691257447004318,1104,C:\Users\grape\OneDrive\Multi_Robot_System\maps\custom\map_002.png,5.0,5.0,0.243332,,,
custom,91,3,3,True,806,frozen,,1.0,0.0,0.0,0.118959,807.0,,,,0.3286563627753388,0.9413720059445589,1.2284799242057727,2421,25297,109925,.,team_ablation,Frontier,agent_3_team_ablation/custom_seed_91_003,False,88.1041,,,,,,,88.10408921933086,100.0,-0.017880141735076904,9.600000000000009,8.400000000000007,0.011098108575699372,0.006926639626423518,10.400186740798913,19.575410001561963,34.90240000246558,0.0,,,,,-1.0780669143173327e-05,c13fb5866b440036b4edd72847b9a49125f693d2dec48dcb3a530b0160ebe529,ok,807,0.10000000000000009,80.70000000000007,80.6,96,0.38034715853363754,-0.006307423114776611,807,C:\Users\grape\OneDrive\Multi_Robot_System\maps\custom\map_003.png,5.0,5.0,0.5603,,,
i_shape,120,3,3,True,1135,frozen,,0.929577,0.0,0.0,0.0,1136.0,,,,0.5181421554825119,1.0463462386853541,1.677371300047198,3408,21486,41483,.,team_ablation,Frontier,agent_3_team_ablation/i_shape_seed_120_003,False,100.0,,,,,,,100.0,100.0,0.35188481211662287,0.0,0.0,0.0,,10.55200308084596,21.046299982117485,81.02640000288375,0.0,,,,,0.0,c36d68aa3f6cf2d00524753e7d7ca1e56dbaedef5657af03b1f93097386e61ba,ok,1136,0.09999999999999964,113.5999999999996,113.5,0,0.5813793066731641,0.3993944823741913,1136,C:\Users\grape\OneDrive\Multi_Robot_System\maps\i_shape\map_003.png,5.0,1.0,0.17034,,,
i_shape,120,3,15,True,405,frozen,,1.0,0.0,0.0,0.0,406.0,,,,0.319517653758287,0.7134711870089165,0.8728582613950145,1218,16638,41213,.,team_ablation,Frontier,agent_3_team_ablation/i_shape_seed_120_015,False,100.0,,,,,,,100.0,100.0,0.37946122884750366,0.0,0.0,0.0,,10.96470418685515,22.956325010454748,43.33099999348633,0.0,,,,,0.0,2284443f72bf63661b3337c061059f88d30576a9049d5a98a1dd23fabdbdfe91,ok,406,0.10000000000000009,40.60000000000004,40.5,0,0.5306982206446784,0.3826574012637139,406,C:\Users\grape\OneDrive\Multi_Robot_System\maps\i_shape\map_015.png,5.0,1.0,0.17574,,,
i_shape,120,3,44,True,1636,goal,,1.0,0.0,0.0,0.0,1637.0,,,,0.3614135423699607,0.9854756730801297,1.3648015839763505,4911,33426,41535,.,team_ablation,Frontier,agent_3_team_ablation/i_shape_seed_120_044,False,100.0,,,,,,,100.0,100.0,0.1280648112297058,0.0,0.0,0.0,,10.668969822597502,21.43538001691922,39.16090002167039,0.0,163.60000000000002,0.3333333333333333,0.229296318689982,0.5315945625305174,0.0,f883df628d61fb2d1d9aba05176bf3194013595c5b6b960b73b06c2dd75e2a1e,ok,1637,0.09999999999999787,163.69999999999652,163.60000000000002,0,0.49418137511539983,0.27637691497802735,1637,C:\Users\grape\OneDrive\Multi_Robot_System\maps\i_shape\map_044.png,5.0,1.0,0.1693,1636.0,1.0,
i_shape,120,3,68,True,1037,frozen,,0.992293,0.0,0.0,0.0,1038.0,,,,0.4571592080895249,1.0596011774562966,2.1500584023412195,3114,32991,41694,.,team_ablation,Frontier,agent_3_team_ablation/i_shape_seed_120_068,False,100.0,,,,,,,100.0,100.0,0.30242860317230225,0.0,0.0,0.0,,11.098498844040058,22.055435001675505,89.27419999963605,0.0,,,,,0.0,147ffe93695606e3927ba90be8dcccf797931d72fa05c17ed83e62a05c21e168,ok,1038,0.09999999999999998,103.79999999999998,103.7,0,0.5501098836375569,0.3559068366885185,1038,,,,,,,goal_map_free_cell_count_mismatch
i_shape,120,3,84,True,860,frozen,,0.89547,0.0,0.0,0.0,861.0,,,,0.5531506174944711,1.0694766189670766,2.000000014901161,2583,26453,42528,.,team_ablation,Frontier,agent_3_team_ablation/i_shape_seed_120_084,False,100.0,,,,,,,100.0,100.0,0.08000159263610838,0.0,0.0,0.0,,11.484213124781643,23.09950001654215,106.9601000053808,0.11614401858304298,,,,,0.0,a6f3cc34892317955df6379d41e946d0b66409937c3918e8c089d325aaa1dcb6,ok,861,0.10000000000000009,86.10000000000008,86.0,0,0.47147104393314404,0.1778622269630432,861,,,,,,,goal_map_free_cell_count_mismatch
i_shape,120,3,89,True,1153,goal,,0.993934,0.0,0.0,0.0,1154.0,,,,0.38235674258781555,0.9899785150908248,2.0147236824625683,3462,35941,42210,.,team_ablation,Frontier,agent_3_team_ablation/i_shape_seed_120_089,False,100.0,,,,,,,100.0,100.0,0.2654205560684204,0.0,0.0,0.0,,10.422338647982775,21.20931999670574,39.05299998586997,0.0,115.3,0.3333333333333333,0.055683565139770685,0.11826043128967267,0.0,95a59d7cfe6cd523cb4530e5dd8b9ff7e1f8bc3b780b867dfb19b1e80a4b444b,ok,1154,0.09999999999999964,115.3999999999996,115.3,0,0.5114361305222355,0.3233577534556389,1154,C:\Users\grape\OneDrive\Multi_Robot_System\maps\i_shape\map_089.png,5.0,1.0,0.1558,1153.0,1.0,
i_shape,140,3,3,True,1135,frozen,,0.929577,0.0,0.0,0.0,1136.0,,,,0.5181421554825119,1.0463462386853541,1.677371300047198,3408,21486,41483,.,team_ablation,Frontier,agent_3_team_ablation/i_shape_seed_140_003,False,100.0,,,,,,,100.0,100.0,0.35188481211662287,0.0,0.0,0.0,,11.109659507421615,23.014200014586095,100.65710000344552,0.08802816901408451,,,,,0.0,c36d68aa3f6cf2d00524753e7d7ca1e56dbaedef5657af03b1f93097386e61ba,ok,1136,0.09999999999999964,113.5999999999996,113.5,0,0.5813793066731641,0.3993944823741913,1136,C:\Users\grape\OneDrive\Multi_Robot_System\maps\i_shape\map_003.png,5.0,1.0,0.17034,,,
i_shape,140,3,15,True,405,frozen,,1.0,0.0,0.0,0.0,406.0,,,,0.319517653758287,0.7134711870089165,0.8728582613950145,1218,16638,41213,.,team_ablation,Frontier,agent_3_team_ablation/i_shape_seed_140_015,False,100.0,,,,,,,100.0,100.0,0.37946122884750366,0.0,0.0,0.0,,10.677914778453072,23.345674999291077,36.71379998559132,0.0,,,,,0.0,2284443f72bf63661b3337c061059f88d30576a9049d5a98a1dd23fabdbdfe91,ok,406,0.10000000000000009,40.60000000000004,40.5,0,0.5306982206446784,0.3826574012637139,406,C:\Users\grape\OneDrive\Multi_Robot_System\maps\i_shape\map_015.png,5.0,1.0,0.17574,,,
i_shape,140,3,44,True,1636,goal,,1.0,0.0,0.0,0.0,1637.0,,,,0.3614135423699607,0.9854756730801297,1.3648015839763505,4911,33426,41535,.,team_ablation,Frontier,agent_3_team_ablation/i_shape_seed_140_044,False,100.0,,,,,,,100.0,100.0,0.1280648112297058,0.0,0.0,0.0,,10.964397923374024,22.701939998660237,88.43160001561044,0.0,163.60000000000002,0.3333333333333333,0.229296318689982,0.5315945625305174,0.0,f883df628d61fb2d1d9aba05176bf3194013595c5b6b960b73b06c2dd75e2a1e,ok,1637,0.09999999999999787,163.69999999999652,163.60000000000002,0,0.49418137511539983,0.27637691497802735,1637,C:\Users\grape\OneDrive\Multi_Robot_System\maps\i_shape\map_044.png,5.0,1.0,0.1693,1636.0,1.0,
i_shape,140,3,68,True,1037,frozen,,0.992293,0.0,0.0,0.0,1038.0,,,,0.4571592080895249,1.0596011774562966,2.1500584023412195,3114,32991,41694,.,team_ablation,Frontier,agent_3_team_ablation/i_shape_seed_140_068,False,100.0,,,,,,,100.0,100.0,0.30242860317230225,0.0,0.0,0.0,,10.979949325007505,22.587689990177747,79.51889999094419,0.0,,,,,0.0,147ffe93695606e3927ba90be8dcccf797931d72fa05c17ed83e62a05c21e168,ok,1038,0.09999999999999998,103.79999999999998,103.7,0,0.5501098836375569,0.3559068366885185,1038,,,,,,,goal_map_free_cell_count_mismatch
i_shape,140,3,84,True,860,frozen,,0.89547,0.0,0.0,0.0,861.0,,,,0.5531506174944711,1.0694766189670766,2.000000014901161,2583,26453,42528,.,team_ablation,Frontier,agent_3_team_ablation/i_shape_seed_140_084,False,100.0,,,,,,,100.0,100.0,0.08000159263610838,0.0,0.0,0.0,,11.59243077869499,22.470800002338365,94.70180000062099,0.0,,,,,0.0,a6f3cc34892317955df6379d41e946d0b66409937c3918e8c089d325aaa1dcb6,ok,861,0.10000000000000009,86.10000000000008,86.0,0,0.47147104393314404,0.1778622269630432,861,,,,,,,goal_map_free_cell_count_mismatch
i_shape,140,3,89,True,1153,goal,,0.993934,0.0,0.0,0.0,1154.0,,,,0.38235674258781555,0.9899785150908248,2.0147236824625683,3462,35941,42210,.,team_ablation,Frontier,agent_3_team_ablation/i_shape_seed_140_089,False,100.0,,,,,,,100.0,100.0,0.2654205560684204,0.0,0.0,0.0,,10.179844454085806,20.684919996710946,39.31759999250062,0.0,115.3,0.3333333333333333,0.055683565139770685,0.11826043128967267,0.0,95a59d7cfe6cd523cb4530e5dd8b9ff7e1f8bc3b780b867dfb19b1e80a4b444b,ok,1154,0.09999999999999964,115.3999999999996,115.3,0,0.5114361305222355,0.3233577534556389,1154,C:\Users\grape\OneDrive\Multi_Robot_System\maps\i_shape\map_089.png,5.0,1.0,0.1558,1153.0,1.0,
i_shape,42,3,3,True,1135,frozen,,0.929577,0.0,0.0,0.0,1136.0,,,,0.5181421554825119,1.0463462386853541,1.677371300047198,3408,21486,41483,.,team_ablation,Frontier,agent_3_team_ablation/i_shape_seed_42_003,True,100.0,,,,,,,100.0,100.0,0.35188481211662287,0.0,0.0,0.0,,10.934571919073868,18.380850004177773,78.99470000120346,0.0,,,,,0.0,c36d68aa3f6cf2d00524753e7d7ca1e56dbaedef5657af03b1f93097386e61ba,ok,1136,0.09999999999999964,113.5999999999996,113.5,0,0.5813793066731641,0.3993944823741913,1136,C:\Users\grape\OneDrive\Multi_Robot_System\maps\i_shape\map_003.png,5.0,1.0,0.17034,,,
i_shape,42,3,15,True,405,frozen,,1.0,0.0,0.0,0.0,406.0,,,,0.319517653758287,0.7134711870089165,0.8728582613950145,1218,16638,41213,.,team_ablation,Frontier,agent_3_team_ablation/i_shape_seed_42_015,True,100.0,,,,,,,100.0,100.0,0.37946122884750366,0.0,0.0,0.0,,10.10783152684731,17.07640000677202,25.797599999350492,0.0,,,,,0.0,2284443f72bf63661b3337c061059f88d30576a9049d5a98a1dd23fabdbdfe91,ok,406,0.10000000000000009,40.60000000000004,40.5,0,0.5306982206446784,0.3826574012637139,406,C:\Users\grape\OneDrive\Multi_Robot_System\maps\i_shape\map_015.png,5.0,1.0,0.17574,,,
i_shape,42,3,44,True,1636,goal,,1.0,0.0,0.0,0.0,1637.0,,,,0.3614135423699607,0.9854756730801297,1.3648015839763505,4911,33426,41535,.,team_ablation,Frontier,agent_3_team_ablation/i_shape_seed_42_044,True,100.0,,,,,,,100.0,100.0,0.1280648112297058,0.0,0.0,0.0,,9.897642516887764,16.884040000149973,84.2352000036044,0.0,163.60000000000002,0.3333333333333333,0.229296318689982,0.5315945625305174,0.0,f883df628d61fb2d1d9aba05176bf3194013595c5b6b960b73b06c2dd75e2a1e,ok,1637,0.09999999999999787,163.69999999999652,163.60000000000002,0,0.49418137511539983,0.27637691497802735,1637,C:\Users\grape\OneDrive\Multi_Robot_System\maps\i_shape\map_044.png,5.0,1.0,0.1693,1636.0,1.0,
i_shape,42,3,68,True,1037,frozen,,0.992293,0.0,0.0,0.0,1038.0,,,,0.4571592080895249,1.0596011774562966,2.1500584023412195,3114,32991,41694,.,team_ablation,Frontier,agent_3_team_ablation/i_shape_seed_42_068,True,100.0,,,,,,,100.0,100.0,0.30242860317230225,0.0,0.0,0.0,,11.549371483711964,21.823700001550606,77.91770000767427,0.0,,,,,0.0,147ffe93695606e3927ba90be8dcccf797931d72fa05c17ed83e62a05c21e168,ok,1038,0.09999999999999998,103.79999999999998,103.7,0,0.5501098836375569,0.3559068366885185,1038,,,,,,,goal_map_free_cell_count_mismatch
i_shape,42,3,84,True,860,frozen,,0.89547,0.0,0.0,0.0,861.0,,,,0.5531506174944711,1.0694766189670766,2.000000014901161,2583,26453,42528,.,team_ablation,Frontier,agent_3_team_ablation/i_shape_seed_42_084,True,100.0,,,,,,,100.0,100.0,0.08000159263610838,0.0,0.0,0.0,,10.03683612073618,17.453599997679703,88.01479999965521,0.0,,,,,0.0,a6f3cc34892317955df6379d41e946d0b66409937c3918e8c089d325aaa1dcb6,ok,861,0.10000000000000009,86.10000000000008,86.0,0,0.47147104393314404,0.1778622269630432,861,,,,,,,goal_map_free_cell_count_mismatch
i_shape,42,3,89,True,1153,goal,,0.993934,0.0,0.0,0.0,1154.0,,,,0.38235674258781555,0.9899785150908248,2.0147236824625683,3462,35941,42210,.,team_ablation,Frontier,agent_3_team_ablation/i_shape_seed_42_089,True,100.0,,,,,,,100.0,100.0,0.2654205560684204,0.0,0.0,0.0,,10.413601993430007,19.313710003916636,33.39190001133829,0.0,115.3,0.3333333333333333,0.055683565139770685,0.11826043128967267,0.0,95a59d7cfe6cd523cb4530e5dd8b9ff7e1f8bc3b780b867dfb19b1e80a4b444b,ok,1154,0.09999999999999964,115.3999999999996,115.3,0,0.5114361305222355,0.3233577534556389,1154,C:\Users\grape\OneDrive\Multi_Robot_System\maps\i_shape\map_089.png,5.0,1.0,0.1558,1153.0,1.0,
i_shape,64,3,3,True,1135,frozen,,0.929577,0.0,0.0,0.0,1136.0,,,,0.5181421554825119,1.0463462386853541,1.677371300047198,3408,21486,41483,.,team_ablation,Frontier,agent_3_team_ablation/i_shape_seed_64_003,False,100.0,,,,,,,100.0,100.0,0.35188481211662287,0.0,0.0,0.0,,10.779789964800958,18.50722499511903,82.37029999145305,0.0,,,,,0.0,c36d68aa3f6cf2d00524753e7d7ca1e56dbaedef5657af03b1f93097386e61ba,ok,1136,0.09999999999999964,113.5999999999996,113.5,0,0.5813793066731641,0.3993944823741913,1136,C:\Users\grape\OneDrive\Multi_Robot_System\maps\i_shape\map_003.png,5.0,1.0,0.17034,,,
i_shape,64,3,15,True,405,frozen,,1.0,0.0,0.0,0.0,406.0,,,,0.319517653758287,0.7134711870089165,0.8728582613950145,1218,16638,41213,.,team_ablation,Frontier,agent_3_team_ablation/i_shape_seed_64_015,False,100.0,,,,,,,100.0,100.0,0.37946122884750366,0.0,0.0,0.0,,9.605405911015579,16.80244999806746,26.935799993225373,0.0,,,,,0.0,2284443f72bf63661b3337c061059f88d30576a9049d5a98a1dd23fabdbdfe91,ok,406,0.10000000000000009,40.60000000000004,40.5,0,0.5306982206446784,0.3826574012637139,406,C:\Users\grape\OneDrive\Multi_Robot_System\maps\i_shape\map_015.png,5.0,1.0,0.17574,,,
i_shape,64,3,44,True,1636,goal,,1.0,0.0,0.0,0.0,1637.0,,,,0.3614135423699607,0.9854756730801297,1.3648015839763505,4911,33426,41535,.,team_ablation,Frontier,agent_3_team_ablation/i_shape_seed_64_044,False,100.0,,,,,,,100.0,100.0,0.1280648112297058,0.0,0.0,0.0,,9.96956163715614,16.986360002192658,35.79090000130236,0.0,163.60000000000002,0.3333333333333333,0.229296318689982,0.5315945625305174,0.0,f883df628d61fb2d1d9aba05176bf3194013595c5b6b960b73b06c2dd75e2a1e,ok,1637,0.09999999999999787,163.69999999999652,163.60000000000002,0,0.49418137511539983,0.27637691497802735,1637,C:\Users\grape\OneDrive\Multi_Robot_System\maps\i_shape\map_044.png,5.0,1.0,0.1693,1636.0,1.0,
i_shape,64,3,68,True,1037,frozen,,0.992293,0.0,0.0,0.0,1038.0,,,,0.4571592080895249,1.0596011774562966,2.1500584023412195,3114,32991,41694,.,team_ablation,Frontier,agent_3_team_ablation/i_shape_seed_64_068,False,100.0,,,,,,,100.0,100.0,0.30242860317230225,0.0,0.0,0.0,,11.04128420055056,21.020995000435505,108.8846999919042,0.09633911368015415,,,,,0.0,147ffe93695606e3927ba90be8dcccf797931d72fa05c17ed83e62a05c21e168,ok,1038,0.09999999999999998,103.79999999999998,103.7,0,0.5501098836375569,0.3559068366885185,1038,,,,,,,goal_map_free_cell_count_mismatch
i_shape,64,3,84,True,860,frozen,,0.89547,0.0,0.0,0.0,861.0,,,,0.5531506174944711,1.0694766189670766,2.000000014901161,2583,26453,42528,.,team_ablation,Frontier,agent_3_team_ablation/i_shape_seed_64_084,False,100.0,,,,,,,100.0,100.0,0.08000159263610838,0.0,0.0,0.0,,9.872186759586985,17.752899992046874,83.68640000117011,0.0,,,,,0.0,a6f3cc34892317955df6379d41e946d0b66409937c3918e8c089d325aaa1dcb6,ok,861,0.10000000000000009,86.10000000000008,86.0,0,0.47147104393314404,0.1778622269630432,861,,,,,,,goal_map_free_cell_count_mismatch
i_shape,64,3,89,True,1153,goal,,0.993934,0.0,0.0,0.0,1154.0,,,,0.38235674258781555,0.9899785150908248,2.0147236824625683,3462,35941,42210,.,team_ablation,Frontier,agent_3_team_ablation/i_shape_seed_64_089,False,100.0,,,,,,,100.0,100.0,0.2654205560684204,0.0,0.0,0.0,,10.010039081135838,18.29836500182863,86.99409999826457,0.0,115.3,0.3333333333333333,0.055683565139770685,0.11826043128967267,0.0,95a59d7cfe6cd523cb4530e5dd8b9ff7e1f8bc3b780b867dfb19b1e80a4b444b,ok,1154,0.09999999999999964,115.3999999999996,115.3,0,0.5114361305222355,0.3233577534556389,1154,C:\Users\grape\OneDrive\Multi_Robot_System\maps\i_shape\map_089.png,5.0,1.0,0.1558,1153.0,1.0,
i_shape,91,3,3,True,1135,frozen,,0.929577,0.0,0.0,0.0,1136.0,,,,0.5181421554825119,1.0463462386853541,1.677371300047198,3408,21486,41483,.,team_ablation,Frontier,agent_3_team_ablation/i_shape_seed_91_003,False,100.0,,,,,,,100.0,100.0,0.35188481211662287,0.0,0.0,0.0,,11.078732218291561,19.809475001238752,82.90930000657681,0.0,,,,,0.0,c36d68aa3f6cf2d00524753e7d7ca1e56dbaedef5657af03b1f93097386e61ba,ok,1136,0.09999999999999964,113.5999999999996,113.5,0,0.5813793066731641,0.3993944823741913,1136,C:\Users\grape\OneDrive\Multi_Robot_System\maps\i_shape\map_003.png,5.0,1.0,0.17034,,,
i_shape,91,3,15,True,405,frozen,,1.0,0.0,0.0,0.0,406.0,,,,0.319517653758287,0.7134711870089165,0.8728582613950145,1218,16638,41213,.,team_ablation,Frontier,agent_3_team_ablation/i_shape_seed_91_015,False,100.0,,,,,,,100.0,100.0,0.37946122884750366,0.0,0.0,0.0,,9.68790344832714,16.885875007574214,96.39029999380001,0.0,,,,,0.0,2284443f72bf63661b3337c061059f88d30576a9049d5a98a1dd23fabdbdfe91,ok,406,0.10000000000000009,40.60000000000004,40.5,0,0.5306982206446784,0.3826574012637139,406,C:\Users\grape\OneDrive\Multi_Robot_System\maps\i_shape\map_015.png,5.0,1.0,0.17574,,,
i_shape,91,3,44,True,1636,goal,,1.0,0.0,0.0,0.0,1637.0,,,,0.3614135423699607,0.9854756730801297,1.3648015839763505,4911,33426,41535,.,team_ablation,Frontier,agent_3_team_ablation/i_shape_seed_91_044,False,100.0,,,,,,,100.0,100.0,0.1280648112297058,0.0,0.0,0.0,,10.471451924060228,18.503419999615282,87.88550000463145,0.0,163.60000000000002,0.3333333333333333,0.229296318689982,0.5315945625305174,0.0,f883df628d61fb2d1d9aba05176bf3194013595c5b6b960b73b06c2dd75e2a1e,ok,1637,0.09999999999999787,163.69999999999652,163.60000000000002,0,0.49418137511539983,0.27637691497802735,1637,C:\Users\grape\OneDrive\Multi_Robot_System\maps\i_shape\map_044.png,5.0,1.0,0.1693,1636.0,1.0,
i_shape,91,3,68,True,1037,frozen,,0.992293,0.0,0.0,0.0,1038.0,,,,0.4571592080895249,1.0596011774562966,2.1500584023412195,3114,32991,41694,.,team_ablation,Frontier,agent_3_team_ablation/i_shape_seed_91_068,False,100.0,,,,,,,100.0,100.0,0.30242860317230225,0.0,0.0,0.0,,10.768384103914938,20.614545005082615,37.06030000466853,0.0,,,,,0.0,147ffe93695606e3927ba90be8dcccf797931d72fa05c17ed83e62a05c21e168,ok,1038,0.09999999999999998,103.79999999999998,103.7,0,0.5501098836375569,0.3559068366885185,1038,,,,,,,goal_map_free_cell_count_mismatch
i_shape,91,3,84,True,860,frozen,,0.89547,0.0,0.0,0.0,861.0,,,,0.5531506174944711,1.0694766189670766,2.000000014901161,2583,26453,42528,.,team_ablation,Frontier,agent_3_team_ablation/i_shape_seed_91_084,False,100.0,,,,,,,100.0,100.0,0.08000159263610838,0.0,0.0,0.0,,9.864667595931898,17.366899992339313,76.94630000332835,0.0,,,,,0.0,a6f3cc34892317955df6379d41e946d0b66409937c3918e8c089d325aaa1dcb6,ok,861,0.10000000000000009,86.10000000000008,86.0,0,0.47147104393314404,0.1778622269630432,861,,,,,,,goal_map_free_cell_count_mismatch
i_shape,91,3,89,True,1153,goal,,0.993934,0.0,0.0,0.0,1154.0,,,,0.38235674258781555,0.9899785150908248,2.0147236824625683,3462,35941,42210,.,team_ablation,Frontier,agent_3_team_ablation/i_shape_seed_91_089,False,100.0,,,,,,,100.0,100.0,0.2654205560684204,0.0,0.0,0.0,,9.887362825132941,19.332970000687048,31.10920000472106,0.0,115.3,0.3333333333333333,0.055683565139770685,0.11826043128967267,0.0,95a59d7cfe6cd523cb4530e5dd8b9ff7e1f8bc3b780b867dfb19b1e80a4b444b,ok,1154,0.09999999999999964,115.3999999999996,115.3,0,0.5114361305222355,0.3233577534556389,1154,C:\Users\grape\OneDrive\Multi_Robot_System\maps\i_shape\map_089.png,5.0,1.0,0.1558,1153.0,1.0,
square,120,3,34,True,3969,goal,,0.985139,0.0,0.0,0.103023,3970.0,,,,0.41361743024623043,1.0002756428233743,2.8284271352829022,11910,71108,80530,.,team_ablation,Frontier,agent_3_team_ablation/square_seed_120_034,False,89.6977,,,,,,,89.69773299748111,100.0,-0.6212887763977051,40.899999999997675,12.799999999999272,0.32307113594718695,0.127868335958215,10.387155566829602,20.831199984240808,39.685700001427904,0.0,396.9,0.3333333333333333,0.5183328151702882,1.3200422763824466,3.299748111373901e-05,badd05c8e78f1f7c076c526211b39066cd051eee1df71a15df6f5f699d60d9e2,ok,3970,0.09999999999999432,396.99999999997743,396.9,409,0.22640058739059218,-0.03514937162399291,3970,C:\Users\grape\OneDrive\Multi_Robot_System\maps\square\map_034.png,5.0,5.0,0.67788,3969.0,1.0,
square,120,3,49,True,1623,frozen,,0.972906,0.0,0.0,0.08436,1624.0,,,,0.36015127429042576,1.0106552064765464,2.523884872404542,4872,39376,63573,.,team_ablation,Frontier,agent_3_team_ablation/square_seed_120_049,False,91.56400000000001,,,,,,,91.56403940886699,100.0,-0.45091831684112554,13.699999999999708,6.699999999999857,0.2444703523035614,0.12016301520549467,10.434404618441977,20.701289983117018,80.18010001978837,0.0,,,,,3.9408866982171276e-05,1439a01107d77789392fa0649fec8da1052994d31b485bb4718b4f4d4d4f36cf,ok,1624,0.09999999999999787,162.39999999999654,162.3,137,0.3852517877893495,-0.046703609824180585,1624,C:\Users\grape\OneDrive\Multi_Robot_System\maps\square\map_049.png,5.0,5.0,0.745708,,,
square,120,3,69,True,636,frozen,,0.912088,0.0,0.0,0.0,637.0,,,,0.39488125928070844,1.2073691147902377,2.000000014901161,1911,23253,69676,.,team_ablation,Frontier,agent_3_team_ablation/square_seed_120_069,False,100.0,,,,,,,100.0,100.0,0.11371999979019164,0.0,0.0,0.0,,10.584732653890054,21.13200000603682,31.534699985058978,0.0,,,,,0.0,62d0e5c824720254497d2551a5818b506606fbe383e77423e8d6b2deb9fb5863,ok,637,0.10000000000000053,63.70000000000034,63.6,0,0.466665867031837,0.13618957996368408,637,C:\Users\grape\OneDrive\Multi_Robot_System\maps\square\map_069.png,5.0,5.0,0.721296,,,
square,140,3,34,True,3969,goal,,0.985139,0.0,0.0,0.103023,3970.0,,,,0.41361743024623043,1.0002756428233743,2.8284271352829022,11910,71108,80530,.,team_ablation,Frontier,agent_3_team_ablation/square_seed_140_034,False,89.6977,,,,,,,89.69773299748111,100.0,-0.6212887763977051,40.899999999997675,12.799999999999272,0.32307113594718695,0.127868335958215,10.343342241966013,20.655679990886703,42.635999998310574,0.0,396.9,0.3333333333333333,0.5183328151702882,1.3200422763824466,3.299748111373901e-05,badd05c8e78f1f7c076c526211b39066cd051eee1df71a15df6f5f699d60d9e2,ok,3970,0.09999999999999432,396.99999999997743,396.9,409,0.22640058739059218,-0.03514937162399291,3970,C:\Users\grape\OneDrive\Multi_Robot_System\maps\square\map_034.png,5.0,5.0,0.67788,3969.0,1.0,
square,140,3,49,True,1623,frozen,,0.972906,0.0,0.0,0.08436,1624.0,,,,0.36015127429042576,1.0106552064765464,2.523884872404542,4872,39376,63573,.,team_ablation,Frontier,agent_3_team_ablation/square_seed_140_049,False,91.56400000000001,,,,,,,91.56403940886699,100.0,-0.45091831684112554,13.699999999999708,6.699999999999857,0.2444703523035614,0.12016301520549467,10.530483928108914,21.067095003672872,81.10860001761466,0.0,,,,,3.9408866982171276e-05,1439a01107d77789392fa0649fec8da1052994d31b485bb4718b4f4d4d4f36cf,ok,1624,0.09999999999999787,162.39999999999654,162.3,137,0.3852517877893495,-0.046703609824180585,1624,C:\Users\grape\OneDrive\Multi_Robot_System\maps\square\map_049.png,5.0,5.0,0.745708,,,
square,140,3,69,True,636,frozen,,0.912088,0.0,0.0,0.0,637.0,,,,0.39488125928070844,1.2073691147902377,2.000000014901161,1911,23253,69676,.,team_ablation,Frontier,agent_3_team_ablation/square_seed_140_069,False,100.0,,,,,,,100.0,100.0,0.11371999979019164,0.0,0.0,0.0,,10.605363266193857,21.42145999823695,32.80020001693629,0.0,,,,,0.0,62d0e5c824720254497d2551a5818b506606fbe383e77423e8d6b2deb9fb5863,ok,637,0.10000000000000053,63.70000000000034,63.6,0,0.466665867031837,0.13618957996368408,637,C:\Users\grape\OneDrive\Multi_Robot_System\maps\square\map_069.png,5.0,5.0,0.721296,,,
square,42,3,34,True,3969,goal,,0.985139,0.0,0.0,0.103023,3970.0,,,,0.41361743024623043,1.0002756428233743,2.8284271352829022,11910,71108,80530,.,team_ablation,Frontier,agent_3_team_ablation/square_seed_42_034,True,89.6977,,,,,,,89.69773299748111,100.0,-0.6212887763977051,40.899999999997675,12.799999999999272,0.32307113594718695,0.127868335958215,11.618067984756168,22.407544999441594,41.24500000034458,0.0,396.9,0.3333333333333333,0.5183328151702882,1.3200422763824466,3.299748111373901e-05,badd05c8e78f1f7c076c526211b39066cd051eee1df71a15df6f5f699d60d9e2,ok,3970,0.09999999999999432,396.99999999997743,396.9,409,0.22640058739059218,-0.03514937162399291,3970,C:\Users\grape\OneDrive\Multi_Robot_System\maps\square\map_034.png,5.0,5.0,0.67788,3969.0,1.0,
square,42,3,49,True,1623,frozen,,0.972906,0.0,0.0,0.08436,1624.0,,,,0.36015127429042576,1.0106552064765464,2.523884872404542,4872,39376,63573,.,team_ablation,Frontier,agent_3_team_ablation/square_seed_42_049,True,91.56400000000001,,,,,,,91.56403940886699,100.0,-0.45091831684112554,13.699999999999708,6.699999999999857,0.2444703523035614,0.12016301520549467,11.764241933445286,22.569864996330573,82.22379999642726,0.0,,,,,3.9408866982171276e-05,1439a01107d77789392fa0649fec8da1052994d31b485bb4718b4f4d4d4f36cf,ok,1624,0.09999999999999787,162.39999999999654,162.3,137,0.3852517877893495,-0.046703609824180585,1624,C:\Users\grape\OneDrive\Multi_Robot_System\maps\square\map_049.png,5.0,5.0,0.745708,,,
square,42,3,69,True,636,frozen,,0.912088,0.0,0.0,0.0,637.0,,,,0.39488125928070844,1.2073691147902377,2.000000014901161,1911,23253,69676,.,team_ablation,Frontier,agent_3_team_ablation/square_seed_42_069,True,100.0,,,,,,,100.0,100.0,0.11371999979019164,0.0,0.0,0.0,,12.066390580351294,23.175379997701384,37.724400011939,0.0,,,,,0.0,62d0e5c824720254497d2551a5818b506606fbe383e77423e8d6b2deb9fb5863,ok,637,0.10000000000000053,63.70000000000034,63.6,0,0.466665867031837,0.13618957996368408,637,C:\Users\grape\OneDrive\Multi_Robot_System\maps\square\map_069.png,5.0,5.0,0.721296,,,
square,64,3,34,True,3969,goal,,0.985139,0.0,0.0,0.103023,3970.0,,,,0.41361743024623043,1.0002756428233743,2.8284271352829022,11910,71108,80530,.,team_ablation,Frontier,agent_3_team_ablation/square_seed_64_034,False,89.6977,,,,,,,89.69773299748111,100.0,-0.6212887763977051,40.899999999997675,12.799999999999272,0.32307113594718695,0.127868335958215,10.760514408077134,20.292574998893542,95.08339999592864,0.0,396.9,0.3333333333333333,0.5183328151702882,1.3200422763824466,3.299748111373901e-05,badd05c8e78f1f7c076c526211b39066cd051eee1df71a15df6f5f699d60d9e2,ok,3970,0.09999999999999432,396.99999999997743,396.9,409,0.22640058739059218,-0.03514937162399291,3970,C:\Users\grape\OneDrive\Multi_Robot_System\maps\square\map_034.png,5.0,5.0,0.67788,3969.0,1.0,
square,64,3,49,True,1623,frozen,,0.972906,0.0,0.0,0.08436,1624.0,,,,0.36015127429042576,1.0106552064765464,2.523884872404542,4872,39376,63573,.,team_ablation,Frontier,agent_3_team_ablation/square_seed_64_049,False,91.56400000000001,,,,,,,91.56403940886699,100.0,-0.45091831684112554,13.699999999999708,6.699999999999857,0.2444703523035614,0.12016301520549467,10.795000800741045,20.24699999674339,95.11110000312328,0.0,,,,,3.9408866982171276e-05,1439a01107d77789392fa0649fec8da1052994d31b485bb4718b4f4d4d4f36cf,ok,1624,0.09999999999999787,162.39999999999654,162.3,137,0.3852517877893495,-0.046703609824180585,1624,C:\Users\grape\OneDrive\Multi_Robot_System\maps\square\map_049.png,5.0,5.0,0.745708,,,
square,64,3,69,True,636,frozen,,0.912088,0.0,0.0,0.0,637.0,,,,0.39488125928070844,1.2073691147902377,2.000000014901161,1911,23253,69676,.,team_ablation,Frontier,agent_3_team_ablation/square_seed_64_069,False,100.0,,,,,,,100.0,100.0,0.11371999979019164,0.0,0.0,0.0,,11.270645212092777,20.89682000223547,33.64160000637639,0.0,,,,,0.0,62d0e5c824720254497d2551a5818b506606fbe383e77423e8d6b2deb9fb5863,ok,637,0.10000000000000053,63.70000000000034,63.6,0,0.466665867031837,0.13618957996368408,637,C:\Users\grape\OneDrive\Multi_Robot_System\maps\square\map_069.png,5.0,5.0,0.721296,,,
square,91,3,34,True,3969,goal,,0.985139,0.0,0.0,0.103023,3970.0,,,,0.41361743024623043,1.0002756428233743,2.8284271352829022,11910,71108,80530,.,team_ablation,Frontier,agent_3_team_ablation/square_seed_91_034,False,89.6977,,,,,,,89.69773299748111,100.0,-0.6212887763977051,40.899999999997675,12.799999999999272,0.32307113594718695,0.127868335958215,10.949459748010687,21.342950005782754,42.13180000078864,0.0,396.9,0.3333333333333333,0.5183328151702882,1.3200422763824466,3.299748111373901e-05,badd05c8e78f1f7c076c526211b39066cd051eee1df71a15df6f5f699d60d9e2,ok,3970,0.09999999999999432,396.99999999997743,396.9,409,0.22640058739059218,-0.03514937162399291,3970,C:\Users\grape\OneDrive\Multi_Robot_System\maps\square\map_034.png,5.0,5.0,0.67788,3969.0,1.0,
square,91,3,49,True,1623,frozen,,0.972906,0.0,0.0,0.08436,1624.0,,,,0.36015127429042576,1.0106552064765464,2.523884872404542,4872,39376,63573,.,team_ablation,Frontier,agent_3_team_ablation/square_seed_91_049,False,91.56400000000001,,,,,,,91.56403940886699,100.0,-0.45091831684112554,13.699999999999708,6.699999999999857,0.2444703523035614,0.12016301520549467,10.654284359521725,19.82486500710365,85.31270000094082,0.0,,,,,3.9408866982171276e-05,1439a01107d77789392fa0649fec8da1052994d31b485bb4718b4f4d4d4f36cf,ok,1624,0.09999999999999787,162.39999999999654,162.3,137,0.3852517877893495,-0.046703609824180585,1624,C:\Users\grape\OneDrive\Multi_Robot_System\maps\square\map_049.png,5.0,5.0,0.745708,,,
square,91,3,69,True,636,frozen,,0.912088,0.0,0.0,0.0,637.0,,,,0.39488125928070844,1.2073691147902377,2.000000014901161,1911,23253,69676,.,team_ablation,Frontier,agent_3_team_ablation/square_seed_91_069,False,100.0,,,,,,,100.0,100.0,0.11371999979019164,0.0,0.0,0.0,,10.507036106762573,19.96624000021256,37.69179999653716,0.0,,,,,0.0,62d0e5c824720254497d2551a5818b506606fbe383e77423e8d6b2deb9fb5863,ok,637,0.10000000000000053,63.70000000000034,63.6,0,0.466665867031837,0.13618957996368408,637,C:\Users\grape\OneDrive\Multi_Robot_System\maps\square\map_069.png,5.0,5.0,0.721296,,,
custom,120,5,1,True,506,goal,,0.998028,0.0,0.0,0.0,507.0,,,,0.27743300600490245,0.7226552089829441,1.5145973768126233,2535,29127,35940,.,conn_ablation,w/o CM,agent_5_conn_ablation/custom_seed_120_001,True,100.0,,,,,,,100.0,100.0,0.35884031653404236,0.0,0.0,0.0,,17.82309723899955,25.216890001320277,80.01679999870248,0.0,50.6,0.2,0.2236932296752931,0.5445424938201908,0.0,35edac88c02709f9fefda10f17e6d9abac6a0f72053ac1e914e858d97e6f3480,ok,507,0.10000000000000053,50.70000000000027,50.6,0,0.5417168056941362,0.42117695808410643,507,C:\Users\grape\OneDrive\Multi_Robot_System\maps\custom\map_001.png,5.0,1.0,0.2812,506.0,1.0,
custom,120,5,2,True,6891,goal,,0.650609,0.0,0.339814,0.56065,6892.0,,,,0.5416511772508972,2.000000014901161,2.6276224109889386,34460,157815,189167,.,conn_ablation,w/o CM,agent_5_conn_ablation/custom_seed_120_002,True,43.935,,,,,,,43.934997098084736,66.01857225769008,-5.582729816436768,386.40000000003295,102.90000000000877,1.6945400009694709,1.4113027568034997,16.080299666210795,31.335779999790244,130.3190999897197,0.02901915264074289,689.1,0.2,0.40947873433108867,0.8096382141113283,-2.901915266306787e-06,ae0b61c861322520b1c943ca672fa74fee6abf025a0442981869fc7525480893,ok,6892,0.10000000000000853,689.2000000000587,689.1,3864,-0.6118496725821108,-3.030600023269653,6892,C:\Users\grape\OneDrive\Multi_Robot_System\maps\custom\map_002.png,5.0,5.0,0.243332,6891.0,1.0,
custom,120,5,3,True,3855,goal,,0.98055,0.0,0.0,0.395488,3856.0,,,,0.3714541264259469,0.9765546207038558,2.3143283313274208,19280,104322,109925,.,conn_ablation,w/o CM,agent_5_conn_ablation/custom_seed_120_003,True,60.45119999999999,,,,,,,60.45124481327802,100.0,-4.8134541511535645,152.49999999999133,63.19999999999641,1.5352631866994273,1.4241477485172085,11.855032002131338,20.434600010048598,85.06760001182556,0.0,385.5,0.2,1.0067195940017697,2.4087679147720333,4.481327802352553e-05,52ec4717959f45016bc7a20dbe45e3bfbfcce5ec64049d7220fbf3418cf6bd93,ok,3856,0.09999999999999432,385.5999999999781,385.5,1525,-0.29937475382570655,-3.6890950202941895,3856,C:\Users\grape\OneDrive\Multi_Robot_System\maps\custom\map_003.png,5.0,5.0,0.5603,3855.0,1.0,
custom,140,5,1,True,479,goal,,0.997917,0.0,0.0,0.0,480.0,,,,0.26007690918668974,0.728392243089208,1.4047412728919513,2400,27976,35940,.,conn_ablation,w/o CM,agent_5_conn_ablation/custom_seed_140_001,True,100.0,,,,,,,100.0,100.0,0.401961475610733,0.0,0.0,0.0,,18.1196668759488,25.004770013038062,51.32440000306815,0.0,47.900000000000006,0.2,0.4409834880828859,0.7622274780273441,0.0,fb592e5f2c580def350c8ce9ffd775c5ba925120517e0e31ed4db7485d14a7b0,ok,480,0.10000000000000009,48.00000000000004,47.900000000000006,0,0.5372020469978451,0.4486176788806915,480,C:\Users\grape\OneDrive\Multi_Robot_System\maps\custom\map_001.png,5.0,1.0,0.2812,479.0,1.0,
custom,140,5,2,True,3564,frozen,,0.635344,0.0,0.0,0.403927,3565.0,,,,0.413145111848166,1.5839035937583446,2.000000014901161,17825,90251,189167,.,conn_ablation,w/o CM,agent_5_conn_ablation/custom_seed_140_002,True,59.60730000000001,,,,,,,59.60729312762973,100.0,-6.378077983856201,143.99999999999181,38.99999999999778,1.849165525945142,1.5368653969632255,16.145481626802944,30.095540004549548,101.8503000086639,0.028050490883590466,,,,,-6.8723702781881e-06,739548dead285f503f1680c439af5f0b4f6e37a224b18fffb2bb8d6a730ef9c5,ok,3565,0.09999999999999432,356.49999999997976,356.40000000000003,1440,-0.44970563428599236,-3.884983730316162,3565,C:\Users\grape\OneDrive\Multi_Robot_System\maps\custom\map_002.png,5.0,5.0,0.243332,,,
custom,140,5,3,True,4648,goal,,0.958271,0.0,0.0,0.517746,4649.0,,,,0.3489922505609102,1.0000021727386768,2.1921267910936444,23245,95227,109925,.,conn_ablation,w/o CM,agent_5_conn_ablation/custom_seed_140_003,True,48.22539999999999,,,,,,,48.225424822542486,100.0,-3.2294507026672363,240.69999999999487,65.9999999999986,1.1670919405729963,1.2376576236139256,13.080317165088978,23.16895999247205,94.07269998337142,0.0,464.8,0.2,1.3219317760329519,2.3739011049270626,2.4822542492586308e-05,5857fc3daeb0a4b70fff0917abf1bc17eb10c11086289430d89eb84e51f4a4fe,ok,4649,0.09999999999999787,464.8999999999901,464.8,2407,-0.5005635336397232,-2.795287036895752,4649,C:\Users\grape\OneDrive\Multi_Robot_System\maps\custom\map_003.png,5.0,5.0,0.5603,4648.0,1.0,
custom,42,5,1,True,553,goal,,1.0,0.0,0.0,0.0,554.0,,,,0.27866589965165944,0.7245044772853669,1.8868511440073403,2770,28172,35940,.,conn_ablation,w/o CM,agent_5_conn_ablation/custom_seed_42_001,True,100.0,,,,,,,100.0,100.0,0.09427368640899658,0.0,0.0,0.0,,10.988835378859735,18.26625998946838,29.014600004302334,0.0,55.3,0.2,0.39497862052917476,0.5977436923980712,0.0,acd509fa2c2fee064669b10b11410ff941c1da5ab822289521e97de2f86dcf95,ok,554,0.10000000000000053,55.4000000000003,55.3,0,0.464936830883422,0.1610323950648308,554,C:\Users\grape\OneDrive\Multi_Robot_System\maps\custom\map_001.png,5.0,1.0,0.2812,553.0,1.0,
custom,42,5,2,True,1195,goal,,1.0,0.0,0.0,0.167224,1196.0,,,,0.24829422323607614,0.8108019008722069,1.529550052937318,5980,70202,189167,.,conn_ablation,w/o CM,agent_5_conn_ablation/custom_seed_42_002,True,83.27759999999999,,,,,,,83.27759197324414,100.0,-0.3833752870559692,19.99999999999993,15.099999999999946,0.21162012981947398,0.19426007628440856,11.356509615328235,18.918075009423774,80.95470000989734,0.0,119.5,0.2,0.6175349552196112,1.092092485827439,-8.026755850210066e-06,701216c7cf1aa0ab637fee527e0a23b41f705a039bc5586499494e9730e8bcbe,ok,1196,0.09999999999999964,119.59999999999957,119.5,200,0.3054832675086216,-0.28967253863811493,1196,C:\Users\grape\OneDrive\Multi_Robot_System\maps\custom\map_002.png,5.0,5.0,0.243332,1195.0,1.0,
custom,42,5,3,True,2453,goal,,0.979218,0.0,0.0,0.528525,2454.0,,,,0.32169659247796734,0.9478208755160275,2.0465510888184113,12270,78213,109925,.,conn_ablation,w/o CM,agent_5_conn_ablation/custom_seed_42_003,True,47.1475,,,,,,,47.14751426242869,100.0,-1.141831398010254,129.69999999999263,38.599999999997806,0.5348525753843583,0.3547235927677375,11.711929584719572,19.424889994843397,95.20880001946352,0.0,245.3,0.2,1.4720758394212647,2.975805579167923,1.4262428692290996e-05,543104a405837c37278c08b99915b2e21d0dfdd649acac4cfbc4949e20044246,ok,2454,0.09999999999999432,245.39999999998605,245.3,1297,-0.041222027541664236,-0.7264373958110809,2454,C:\Users\grape\OneDrive\Multi_Robot_System\maps\custom\map_003.png,5.0,5.0,0.5603,2453.0,1.0,
custom,64,5,1,True,470,goal,,1.0,0.0,0.0,0.0,471.0,,,,0.3184963913143104,0.8262618821974979,1.0606141302759873,2355,28248,35940,.,conn_ablation,w/o CM,agent_5_conn_ablation/custom_seed_64_001,True,100.0,,,,,,,100.0,100.0,0.10255038738250732,0.0,0.0,0.0,,12.075718259562455,23.609850017237473,89.05889999005011,0.0,47.0,0.2,0.6808243770599366,1.5403942489624023,0.0,d8d6ca625059401bc62f28c644c48586f013845038d90f5a8a338161f74b37e1,ok,471,0.10000000000000009,47.100000000000044,47.0,0,0.4534997669248318,0.1853056102991104,471,C:\Users\grape\OneDrive\Multi_Robot_System\maps\custom\map_001.png,5.0,1.0,0.2812,470.0,1.0,
custom,64,5,2,True,7423,goal,,0.945582,0.0,0.0,0.484779,7424.0,,,,0.3967969450896654,1.000012729615322,2.771470915783986,37120,168424,189167,.,conn_ablation,w/o CM,agent_5_conn_ablation/custom_seed_64_002,True,51.522099999999995,,,,,,,51.52209051724138,100.0,-5.129009246826172,359.9000000000307,144.4000000000123,1.6018761930678636,1.480507444510628,12.603636934025825,21.804909994534654,95.21840000525118,0.0,742.3,0.2,0.7312375298309151,2.0823018074035646,-9.482758613899023e-06,17961b422e4090b4d6f1874b34a830df9baa18f19e2b4c63b67145d5981a0e93,ok,7424,0.10000000000000853,742.4000000000633,742.3,3599,-0.48925940859420547,-3.0067338228225706,7424,C:\Users\grape\OneDrive\Multi_Robot_System\maps\custom\map_002.png,5.0,5.0,0.243332,7423.0,1.0,
custom,64,5,3,True,3234,goal,,0.961051,0.0,0.0,0.658423,3235.0,,,,0.33576800108634725,1.0000001357211161,2.000000014901161,16175,99544,109925,.,conn_ablation,w/o CM,agent_5_conn_ablation/custom_seed_64_003,True,34.157700000000006,,,,,,,34.15765069551777,100.0,-5.327656269073486,212.9999999999879,75.49999999999571,1.6428786848866415,0.769898780606722,13.701996692484014,22.957529989071173,49.13279999163933,0.0,323.40000000000003,0.2,1.149535124398083,1.7944063311450922,-4.9304482232059854e-05,5198771bf0c1b0abb9268e4b1e8869b570233cded80eb2ae310df50392f6e10d,ok,3235,0.09999999999999432,323.4999999999816,323.40000000000003,2130,-0.3921928459838885,-2.2400139808654784,3235,C:\Users\grape\OneDrive\Multi_Robot_System\maps\custom\map_003.png,5.0,5.0,0.5603,3234.0,1.0,
custom,91,5,1,True,472,goal,,1.0,0.0,0.0,0.0,473.0,,,,0.24097237511751715,0.7906994283009119,0.8843126493757675,2365,26932,35940,.,conn_ablation,w/o CM,agent_5_conn_ablation/custom_seed_91_001,True,100.0,,,,,,,100.0,100.0,0.08814769983291627,0.0,0.0,0.0,,11.361767229994259,18.761539994738992,31.074200000148263,0.0,47.2,0.2,0.6710361499786377,1.1970834159851074,0.0,00d1a7ee0f42b583fec4d33d7b4d348caf38a0fded90807ba8db4c9e1f9c869e,ok,473,0.10000000000000009,47.30000000000004,47.2,0,0.4539915832984271,0.22346842885017396,473,C:\Users\grape\OneDrive\Multi_Robot_System\maps\custom\map_001.png,5.0,1.0,0.2812,472.0,1.0,
custom,91,5,2,True,1184,goal,,0.993249,0.0,0.0,0.081857,1185.0,,,,0.25996793342314334,0.8140128274420119,1.9830364111923127,5925,70932,189167,.,conn_ablation,w/o CM,agent_5_conn_ablation/custom_seed_91_002,True,91.8143,,,,,,,91.81434599156118,100.0,-0.19716560840606687,9.699999999999966,9.699999999999966,0.1149675450014973,0.11433454887154176,12.186381266008324,20.284399989759546,104.76980000385085,0.08438818565400844,118.4,0.2,0.5135635356350765,0.8159583238534796,4.599156117990333e-05,b74eeccff177d112fc0ab4cb44894d22d9c1d050648ffcf7ff08c64598b8c973,ok,1185,0.09999999999999964,118.49999999999957,118.4,97,0.365651477162848,-0.08610365390777587,1185,C:\Users\grape\OneDrive\Multi_Robot_System\maps\custom\map_002.png,5.0,5.0,0.243332,1184.0,1.0,
custom,91,5,3,True,3591,goal,,0.894209,0.0,0.0,0.24304,3592.0,,,,0.43183146706324244,1.0489581646189325,2.2309635560785575,17960,103927,109925,.,conn_ablation,w/o CM,agent_5_conn_ablation/custom_seed_91_003,True,75.696,,,,,,,75.69599109131403,100.0,-1.5619069337844849,87.29999999999504,21.499999999998778,0.6838823854283347,0.4171388737114844,12.179786274979994,21.41430499905254,101.89190000528468,0.027839643652561245,359.1,0.2,1.1961610562937246,1.585632335133721,-8.908685970254737e-06,e88d2f374ae9c10801dde530ad8d97364a7758364fece11a480517136862a31b,ok,3592,0.09999999999999432,359.1999999999796,359.1,873,0.22506340710085326,-0.7429733633995055,3592,C:\Users\grape\OneDrive\Multi_Robot_System\maps\custom\map_003.png,5.0,5.0,0.5603,3591.0,1.0,
i_shape,120,5,3,True,657,goal,,0.882979,0.0,0.042553,0.1231,658.0,,,,0.4445830542796384,1.0001739146381368,2.000000014901161,3290,33420,41483,.,conn_ablation,w/o CM,agent_5_conn_ablation/i_shape_seed_120_003,True,87.69,,,,,,,87.68996960486322,95.74468085106383,-0.7142839431762695,8.100000000000044,8.100000000000044,0.363737059294869,0.3168430983284373,18.112932827332873,34.59198501659557,57.915000012144446,0.0,65.7,0.2,0.9837209606170653,2.4319432258605955,-3.0395136775496212e-05,ca8631a70ac54c1df340f89c4a74a54489dcfc9bd00a4066ee21bda2d5c86d58,ok,658,0.10000000000000053,65.80000000000035,65.7,81,0.2890526202583748,-0.33717061281204225,658,C:\Users\grape\OneDrive\Multi_Robot_System\maps\i_shape\map_003.png,5.0,1.0,0.17034,657.0,1.0,
i_shape,120,5,15,True,811,goal,,0.995074,0.0,0.0,0.002463,812.0,,,,0.4690050618329998,0.9869287794133421,2.098481177895857,4060,33007,41213,.,conn_ablation,w/o CM,agent_5_conn_ablation/i_shape_seed_120_015,True,99.7537,,,,,,,99.75369458128078,100.0,-0.01775270700454712,0.20000000000000018,0.20000000000000018,0.011019547855997791,0.012403935194015503,13.597527709118609,22.64584997901693,42.609699972672395,0.0,81.1,0.2,0.5004216098785399,0.7898223876953123,-5.418719212002543e-06,0007c18622c1fa1e9c6946ea93e87afd4efe9ba3ab0e937e6cae2c8e98bfa369,ok,812,0.10000000000000009,81.20000000000007,81.1,2,0.474940020829586,0.2680668637156487,812,C:\Users\grape\OneDrive\Multi_Robot_System\maps\i_shape\map_015.png,5.0,1.0,0.17574,811.0,1.0,
i_shape,120,5,44,True,832,goal,,0.955582,0.0,0.0,0.0,833.0,,,,0.47705801713057694,1.020433656483615,2.031812545813251,4165,34247,41535,.,conn_ablation,w/o CM,agent_5_conn_ablation/i_shape_seed_120_044,True,100.0,,,,,,,100.0,100.0,0.08821189403533934,0.0,0.0,0.0,,13.650608643779579,24.46983997942879,48.45339999883436,0.0,83.2,0.2,0.3805702590942384,1.032564449310303,0.0,2add428b34917451507f933ad139fdf4a4eee1a9810f517da10de94087221376,ok,833,0.10000000000000009,83.30000000000007,83.2,0,0.4343472234412831,0.12727699279785157,833,C:\Users\grape\OneDrive\Multi_Robot_System\maps\i_shape\map_044.png,5.0,1.0,0.1693,832.0,1.0,
i_shape,120,5,68,True,614,goal,,0.957724,0.0,0.0,0.0,615.0,,,,0.4114066944680964,1.019607457996586,2.251358294545963,3075,33717,41694,.,conn_ablation,w/o CM,agent_5_conn_ablation/i_shape_seed_120_068,True,100.0,,,,,,,100.0,100.0,0.3026952445507049,0.0,0.0,0.0,,11.996922276136125,21.563519985647854,41.894900001352646,0.0,,,,,0.0,3cacb6f1c125378e133535e3239f4a6f3838a4501747af4fa669f2897dedb6f3,ok,615,0.10000000000000053,61.50000000000033,61.400000000000006,0,0.4634734570495481,0.32421105206012724,615,,,,,,,goal_map_free_cell_count_mismatch
i_shape,120,5,84,True,596,goal,,0.984925,0.0,0.0,0.0,597.0,,,,0.32734037898102436,0.8301920069003965,1.9987813455034842,2985,35556,42528,.,conn_ablation,w/o CM,agent_5_conn_ablation/i_shape_seed_120_084,True,100.0,,,,,,,100.0,100.0,0.4239597022533417,0.0,0.0,0.0,,12.493607705063928,22.45641999179495,113.61020000185816,0.16750418760469013,,,,,0.0,03ee22658d21efa55bf4a240dddd224fe3d33a38dfa1fc29890ec32f175c1cf0,ok,597,0.10000000000000053,59.700000000000315,59.6,0,0.5437102355749364,0.44187448024749754,597,,,,,,,goal_map_free_cell_count_mismatch
i_shape,120,5,89,True,647,goal,,0.979938,0.0,0.0,0.016975,648.0,,,,0.3556954358665869,0.900664323906327,1.7644802513299214,3240,33852,42210,.,conn_ablation,w/o CM,agent_5_conn_ablation/i_shape_seed_120_089,True,98.30250000000001,,,,,,,98.30246913580247,100.0,-0.07444441318511962,1.1000000000000059,1.1000000000000059,0.045248137049186066,0.040409993041645394,12.516918672998953,22.702644999662876,36.97230000398122,0.0,64.7,0.2,0.5470962905883787,1.3671966075897215,-3.086419754083636e-05,0f8589cb1128d278a649b7ffa8c23f5832f1e715a93e3006d05855144ad60e78,ok,648,0.10000000000000053,64.80000000000035,64.7,11,0.45308022265448983,0.1508393317461014,648,C:\Users\grape\OneDrive\Multi_Robot_System\maps\i_shape\map_089.png,5.0,1.0,0.1558,647.0,1.0,
i_shape,140,5,3,True,827,frozen,,0.949275,0.0,0.0,0.0,828.0,,,,0.6207584949349653,1.3465032945089404,2.076169469489516,4140,21072,41483,.,conn_ablation,w/o CM,agent_5_conn_ablation/i_shape_seed_140_003,True,100.0,,,,,,,100.0,100.0,0.10162609815597534,0.0,0.0,0.0,,13.208709662113167,23.4179950042744,83.29400001093745,0.0,,,,,0.0,8ebeaf35893c8db0e000549b530a1f0154f2a4912e0def1ff12de0232da2c6f3,ok,828,0.10000000000000009,82.80000000000007,82.7,0,0.5672010015606305,0.3212138876318931,828,C:\Users\grape\OneDrive\Multi_Robot_System\maps\i_shape\map_003.png,5.0,1.0,0.17034,,,
i_shape,140,5,15,True,1022,frozen,,0.975562,0.0,0.0,0.0,1023.0,,,,0.325136832102035,0.9724371858443541,2.000000014901161,5115,23984,41213,.,conn_ablation,w/o CM,agent_5_conn_ablation/i_shape_seed_140_015,True,100.0,,,,,,,100.0,100.0,0.07599753141403198,0.0,0.0,0.0,,12.174166276085284,21.59872001502663,39.128600008552894,0.0,,,,,0.0,04b34cb4ca8a7e6956c8a10faf69d9c78d4893bbf31fa1fee4d3bf6d0407c88b,ok,1023,0.09999999999999998,102.29999999999998,102.2,0,0.4030039237915945,0.12790557146072384,1023,C:\Users\grape\OneDrive\Multi_Robot_System\maps\i_shape\map_015.png,5.0,1.0,0.17574,,,
i_shape,140,5,44,True,561,frozen,,0.692171,0.0,0.0,0.0,562.0,,,,0.5382778387398892,2.000000014901161,2.1648920287510185,2810,18624,41535,.,conn_ablation,w/o CM,agent_5_conn_ablation/i_shape_seed_140_044,True,100.0,,,,,,,100.0,100.0,0.3446867763996124,0.0,0.0,0.0,,15.604219217260628,30.53540499968221,47.871599992504336,0.0,,,,,0.0,6ec4e92671bf749ad2d18275b92155ba1663d0fbeb7f0f7d519d4f22607e66ad,ok,562,0.10000000000000053,56.2000000000003,56.1,0,0.5637488044347627,0.4660959541797638,562,C:\Users\grape\OneDrive\Multi_Robot_System\maps\i_shape\map_044.png,5.0,1.0,0.1693,,,
i_shape,140,5,68,True,1207,goal,,0.955298,0.0,0.0,0.0,1208.0,,,,0.3614748870572757,1.0686985106659659,2.124080652353158,6040,33511,41694,.,conn_ablation,w/o CM,agent_5_conn_ablation/i_shape_seed_140_068,True,100.0,,,,,,,100.0,100.0,0.12931454181671143,0.0,0.0,0.0,,12.539554883686236,23.347215008106996,92.88909999304451,0.0,,,,,0.0,0ae382e966f438fad97ebb401c7ba89f9aecefa2038100ba1b4b7bcce37cde1b,ok,1208,0.09999999999999964,120.79999999999957,120.7,0,0.5230470885158769,0.1975378677248955,1208,,,,,,,goal_map_free_cell_count_mismatch
i_shape,140,5,84,True,815,goal,,0.982843,0.0,0.0,0.0,816.0,,,,0.3639133455874217,1.0007924436221527,2.270205553178063,4080,35530,42528,.,conn_ablation,w/o CM,agent_5_conn_ablation/i_shape_seed_140_084,True,100.0,,,,,,,100.0,100.0,0.0898333191871643,0.0,0.0,0.0,,11.91918590634219,21.177024995267853,40.91080001671799,0.0,,,,,0.0,406e5181d5b78a769415f1952a81042a8c2deab5071c8c4909719202301c1a63,ok,816,0.10000000000000009,81.60000000000008,81.5,0,0.4656391128824622,0.2930145338177681,816,,,,,,,goal_map_free_cell_count_mismatch
i_shape,140,5,89,True,543,frozen,,0.59375,0.0,0.012868,0.0,544.0,,,,0.6796705858487537,2.000000014901161,2.222965150430789,2720,12752,42210,.,conn_ablation,w/o CM,agent_5_conn_ablation/i_shape_seed_140_089,True,100.0,,,,,,,100.0,98.71323529411765,0.4559409022331238,0.0,0.0,0.0,,16.5629981614021,31.05824000085704,48.46300001372583,0.0,,,,,0.0,b5b02e3f8caec2eda366383cd544c3e85bf9b0e5f01d6c5a565d8eb474362a97,ok,544,0.10000000000000053,54.40000000000029,54.3,0,0.5688337001620847,0.4977142944931984,544,C:\Users\grape\OneDrive\Multi_Robot_System\maps\i_shape\map_089.png,5.0,1.0,0.1558,,,
i_shape,42,5,3,True,801,goal,,0.971322,0.0,0.0,0.330424,802.0,,,,0.5169075154055567,1.0939594861119986,2.000000014901161,4010,33066,41483,.,conn_ablation,w/o CM,agent_5_conn_ablation/i_shape_seed_42_003,True,66.9576,,,,,,,66.9576059850374,100.0,-3.051778793334961,26.500000000000025,9.100000000000009,1.121400216856176,1.0633212786800457,12.64349276748918,21.86713001137832,37.876799993682646,0.0,80.1,0.2,1.1302578592300414,2.416364240646362,5.9850374043435295e-06,76a72e6cec121f8a76692d6ab663ecdd93bdc5aa6951ce1eff24b242443bfad6,ok,802,0.10000000000000009,80.20000000000007,80.1,265,-0.03454519919772398,-2.079325556755066,802,C:\Users\grape\OneDrive\Multi_Robot_System\maps\i_shape\map_003.png,5.0,1.0,0.17034,801.0,1.0,
i_shape,42,5,15,True,693,goal,,0.9683,0.0,0.0,0.0,694.0,,,,0.4456804352688489,0.9536844097583798,2.170577323904259,3470,34299,41213,.,conn_ablation,w/o CM,agent_5_conn_ablation/i_shape_seed_42_015,True,100.0,,,,,,,100.0,100.0,0.16603147983551023,0.0,0.0,0.0,,12.940882709261798,22.906440014776315,110.46539997914806,0.1440922190201729,69.3,0.2,0.5955192947387693,1.2152498245239256,0.0,14fb6f67d18d54cba33e7b004ae6db805ed64072dc13bc74c76ccf4db156e6e2,ok,694,0.10000000000000053,69.40000000000038,69.3,0,0.4473149619287991,0.25960677564144136,694,C:\Users\grape\OneDrive\Multi_Robot_System\maps\i_shape\map_015.png,5.0,1.0,0.17574,693.0,1.0,
i_shape,42,5,44,True,923,goal,,0.942641,0.0,0.008658,0.190476,924.0,,,,0.47436883055911955,1.039614263747343,2.4142093105813656,4620,33504,41535,.,conn_ablation,w/o CM,agent_5_conn_ablation/i_shape_seed_42_044,True,80.9524,,,,,,,80.95238095238095,99.13419913419914,-0.471898078918457,17.600000000000016,8.800000000000008,0.25446577892241584,0.13917582685297186,13.202761580048278,23.087385011604056,53.26670000795274,0.0,92.3,0.2,0.4402795219421386,1.2177656173706053,-1.9047619048251363e-05,64f979084f5251f3f3330c9f36bc3712516bcef0c29567b6a83da7aed1e9a05b,ok,924,0.10000000000000009,92.40000000000008,92.3,176,0.25014446459678347,-0.1869467198848724,924,C:\Users\grape\OneDrive\Multi_Robot_System\maps\i_shape\map_044.png,5.0,1.0,0.1693,923.0,1.0,
i_shape,42,5,68,True,609,goal,,0.940984,0.0,0.0,0.318033,610.0,,,,0.3592406494122521,1.0000694152184648,2.000000014901161,3050,33609,41694,.,conn_ablation,w/o CM,agent_5_conn_ablation/i_shape_seed_42_068,True,68.19669999999999,,,,,,,68.1967213114754,100.0,-0.5472655296325684,19.400000000000105,19.200000000000102,0.28961714819131235,0.4340253410880099,13.325694262490943,24.419255004613657,41.72929999185727,0.0,,,,,2.131147540751499e-05,c66d944c88635a186fdfdd15737b397f135a6289753ebf434f64f3bf4846e9d9,ok,610,0.10000000000000053,61.00000000000033,60.900000000000006,194,0.21052009922559145,-0.5181357443332673,610,,,,,,,goal_map_free_cell_count_mismatch
i_shape,42,5,84,True,613,goal,,0.986971,0.0,0.0,0.0,614.0,,,,0.37495874703252396,0.9115111223494646,1.9721811444208563,3070,34819,42528,.,conn_ablation,w/o CM,agent_5_conn_ablation/i_shape_seed_42_084,True,100.0,,,,,,,100.0,100.0,0.31131207942962646,0.0,0.0,0.0,,11.975535505338637,21.35686000110582,27.836399996886026,0.0,,,,,0.0,df3bac83761ef30ecec7ac9bf20b9701c5df9be8ca0f30d7f30e0be7b4a401fa,ok,614,0.10000000000000053,61.400000000000325,61.3,0,0.5369919249696918,0.41917856633663175,614,,,,,,,goal_map_free_cell_count_mismatch
i_shape,42,5,89,True,771,goal,,0.939119,0.0,0.0,0.055699,772.0,,,,0.41423671370082693,1.009750550283779,2.019757292204975,3860,33337,42210,.,conn_ablation,w/o CM,agent_5_conn_ablation/i_shape_seed_42_089,True,94.43010000000001,,,,,,,94.43005181347151,100.0,-0.09231126308441162,4.300000000000023,4.300000000000023,0.055751870044355556,0.05673738135847935,18.4206506476024,29.523050009447598,56.19279999518767,0.0,77.1,0.2,0.7259045028686522,1.1599944114685057,-4.818652850246963e-05,2fd5fad9b01226d027165f3b45a91ef8ccb7f10793b03652f0e4b1fa91e9a980,ok,772,0.10000000000000053,77.20000000000041,77.1,43,0.3297526204061014,-0.014062407612800584,772,C:\Users\grape\OneDrive\Multi_Robot_System\maps\i_shape\map_089.png,5.0,1.0,0.1558,771.0,1.0,
i_shape,64,5,3,True,1018,goal,,0.967615,0.0,0.0,0.331698,1019.0,,,,0.3994290522779323,1.0003039142342727,2.359723035890346,5095,33630,41483,.,conn_ablation,w/o CM,agent_5_conn_ablation/i_shape_seed_64_003,True,66.83019999999999,,,,,,,66.83022571148184,100.0,-0.2243207097053528,33.79999999999999,16.299999999999997,0.12968850143763355,0.08497917334708942,12.529200294363049,21.521499988739375,86.20060002431273,0.0,101.8,0.2,0.5259143733978271,1.34852819442749,2.571148185381844e-05,624e6d234a01f5b0f3d6ed893f12b17cac2791c2e379f0df3de516342464879a,ok,1019,0.09999999999999998,101.89999999999998,101.8,338,0.19991941511689507,-0.12142790555953978,1019,C:\Users\grape\OneDrive\Multi_Robot_System\maps\i_shape\map_003.png,5.0,1.0,0.17034,1018.0,1.0,
i_shape,64,5,15,True,541,goal,,1.0,0.0,0.0,0.0,542.0,,,,0.3544231010855974,0.9148260092339741,1.284414270608628,2710,33082,41213,.,conn_ablation,w/o CM,agent_5_conn_ablation/i_shape_seed_64_015,True,100.0,,,,,,,100.0,100.0,0.18343502283096316,0.0,0.0,0.0,,12.654487823569593,22.01001999783328,35.92779999598861,0.0,54.1,0.2,0.8580588722229002,1.4798655986785887,0.0,3d9232aefa5e99d36887e7a7cfd233481e1111a263919725a7c4c394bc26db0c,ok,542,0.10000000000000053,54.20000000000029,54.1,0,0.40989007204221184,0.1989327132701874,542,C:\Users\grape\OneDrive\Multi_Robot_System\maps\i_shape\map_015.png,5.0,1.0,0.17574,541.0,1.0,
i_shape,64,5,44,True,814,goal,,0.981595,0.0,0.0,0.0,815.0,,,,0.43100772585344277,0.9396487582892393,2.34933648353755,4075,34557,41535,.,conn_ablation,w/o CM,agent_5_conn_ablation/i_shape_seed_64_044,True,100.0,,,,,,,100.0,100.0,0.10926920175552368,0.0,0.0,0.0,,13.158362084625436,22.487170013482682,32.39400000893511,0.0,81.4,0.2,0.328941431045532,0.5670688629150389,0.0,c2fd7b7f0ca8f00836c3c13b0d5e60b8f33d34b921dd504a2b5ba36da7ad739a,ok,815,0.10000000000000009,81.50000000000007,81.4,0,0.4708256963571888,0.3162878930568695,815,C:\Users\grape\OneDrive\Multi_Robot_System\maps\i_shape\map_044.png,5.0,1.0,0.1693,814.0,1.0,
i_shape,64,5,68,True,512,goal,,1.0,0.0,0.0,0.0,513.0,,,,0.2968701258196774,0.7874785643827938,1.0645922242657917,2565,33556,41694,.,conn_ablation,w/o CM,agent_5_conn_ablation/i_shape_seed_64_068,True,100.0,,,,,,,100.0,100.0,0.1441890001296997,0.0,0.0,0.0,,12.797467446873295,21.964600012870502,29.334599996218454,0.0,,,,,0.0,a76a982e12e9e872b0c43ead8b7bd2817ca43418608d5ceb5aa581252138c595,ok,513,0.10000000000000053,51.300000000000274,51.2,0,0.48456442716293635,0.32780808806419376,513,,,,,,,goal_map_free_cell_count_mismatch
i_shape,64,5,84,True,559,goal,,0.992857,0.0,0.0,0.0,560.0,,,,0.352046576663098,0.9000038343691691,2.427534703867923,2800,35158,42528,.,conn_ablation,w/o CM,agent_5_conn_ablation/i_shape_seed_64_084,True,100.0,,,,,,,100.0,100.0,0.2866272032260895,0.0,0.0,0.0,,12.872838571690538,22.134199998981785,86.03219999349677,0.0,,,,,0.0,2221cdfd3563272ad2ca1c433c195e2eee27e8b5e438ac4fab4dea698103bcad,ok,560,0.10000000000000053,56.0000000000003,55.900000000000006,0,0.5035286471247673,0.31965288072824477,560,,,,,,,goal_map_free_cell_count_mismatch
i_shape,64,5,89,True,574,goal,,0.947826,0.0,0.0,0.398261,575.0,,,,0.35334959619527084,1.00579705965581,2.483896820554884,2875,33909,42210,.,conn_ablation,w/o CM,agent_5_conn_ablation/i_shape_seed_64_089,True,60.1739,,,,,,,60.17391304347826,100.0,-0.46419382095336914,22.900000000000123,11.800000000000063,0.25080627184717974,0.13709482511578688,14.162501391610535,23.827990001882423,38.15180002129637,0.0,57.400000000000006,0.2,1.0861241245269775,2.5201199531555174,1.3043478254815e-05,c9b397bc191821f24cb29dfd1ff70d995b4cbab131bea6de0916f28c5e845c89,ok,575,0.10000000000000053,57.500000000000306,57.400000000000006,229,0.2205481046697368,-0.24902325272560116,575,C:\Users\grape\OneDrive\Multi_Robot_System\maps\i_shape\map_089.png,5.0,1.0,0.1558,574.0,1.0,
i_shape,91,5,3,True,905,goal,,0.826711,0.0,0.0,0.169978,906.0,,,,0.4446595228242906,1.1722016405103157,2.0116840691060087,4530,32966,41483,.,conn_ablation,w/o CM,agent_5_conn_ablation/i_shape_seed_91_003,True,83.0022,,,,,,,83.00220750551877,100.0,-0.37038707733154297,15.400000000000013,9.600000000000009,0.2051801218346605,0.23374112550314372,14.007384767947322,25.50655000959523,49.18949998682365,0.0,90.5,0.2,0.5591637992858887,0.9848061084747313,7.505518766492969e-06,493d732049ba961c16f752ba06cd04fe1013dbc63783c047c319288886758514,ok,906,0.10000000000000009,90.60000000000008,90.5,154,0.2552743370893512,-0.28776365518569946,906,C:\Users\grape\OneDrive\Multi_Robot_System\maps\i_shape\map_003.png,5.0,1.0,0.17034,905.0,1.0,
i_shape,91,5,15,True,679,goal,,0.976471,0.0,0.0,0.0,680.0,,,,0.40040343612663437,0.9338223958123782,2.0513827061997856,3400,34298,41213,.,conn_ablation,w/o CM,agent_5_conn_ablation/i_shape_seed_91_015,True,100.0,,,,,,,100.0,100.0,0.2289088070392609,0.0,0.0,0.0,,12.591938235966474,21.97046501241857,41.875199996866286,0.0,67.9,0.2,0.4840532207489012,0.9934580802917479,0.0,4b9329c4e1c0986bce567cdf422e91a1f6eaffe2bdf822d15f1479fa396205bf,ok,680,0.10000000000000053,68.00000000000037,67.9,0,0.4680197146447266,0.32629429548978806,680,C:\Users\grape\OneDrive\Multi_Robot_System\maps\i_shape\map_015.png,5.0,1.0,0.17574,679.0,1.0,
i_shape,91,5,44,True,807,goal,,0.987624,0.0,0.0,0.027228,808.0,,,,0.41575130400243643,1.0000070969808237,2.000000014901161,4040,34761,41535,.,conn_ablation,w/o CM,agent_5_conn_ablation/i_shape_seed_91_044,True,97.2772,,,,,,,97.27722772277228,100.0,-0.04072570800781249,2.200000000000002,2.200000000000002,0.025061032898665347,0.029148410667072643,12.834577970388276,21.85686000011628,81.6587000153959,0.0,80.7,0.2,0.34139789581298824,0.9796500682830809,2.7722772287575026e-05,a53b5dc1db78b4903c56158d6d2332877cc3cc712232b0c2f9805de00c727768,ok,808,0.10000000000000009,80.80000000000007,80.7,22,0.40797028867620055,0.023478984832763675,808,C:\Users\grape\OneDrive\Multi_Robot_System\maps\i_shape\map_044.png,5.0,1.0,0.1693,807.0,1.0,
i_shape,91,5,68,True,554,goal,,0.969369,0.0,0.0,0.158559,555.0,,,,0.32967369511691047,1.0008463149538478,2.476150030019068,2775,33722,41694,.,conn_ablation,w/o CM,agent_5_conn_ablation/i_shape_seed_91_068,True,84.1441,,,,,,,84.14414414414415,100.0,-0.25110125541687006,8.800000000000047,6.000000000000032,0.14398159696938484,0.12924594567580658,12.897238017716402,22.30113000550773,74.15369999944232,0.0,,,,,4.4144144155211507e-05,373c79bdb814020f070a96df6d8905139e86dc754372ec1c37ff92044016523d,ok,555,0.10000000000000053,55.5000000000003,55.400000000000006,88,0.35463784428330153,-0.17694759368896482,555,,,,,,,goal_map_free_cell_count_mismatch
i_shape,91,5,84,True,549,goal,,0.94,0.0,0.0,0.0,550.0,,,,0.38795358746245967,1.0000195554235582,1.9826168966358304,2750,33066,42528,.,conn_ablation,w/o CM,agent_5_conn_ablation/i_shape_seed_91_084,True,100.0,,,,,,,100.0,100.0,0.01228666305541992,0.0,0.0,0.0,,12.935098545646973,22.61624999518971,41.3029000046663,0.0,,,,,0.0,c05a245d3125f16076d5c51172455f26d1282cf07e6b6d371ed662fd0851fdc9,ok,550,0.10000000000000053,55.00000000000029,54.900000000000006,0,0.49392795752395285,0.1717760592699051,550,,,,,,,goal_map_free_cell_count_mismatch
i_shape,91,5,89,True,720,goal,,0.963939,0.0,0.0,0.363384,721.0,,,,0.3899927240306047,1.0008721639783003,2.424596457983806,3605,33855,42210,.,conn_ablation,w/o CM,agent_5_conn_ablation/i_shape_seed_91_089,True,63.66160000000001,,,,,,,63.661581137309284,100.0,-0.9613857269287107,26.200000000000138,26.200000000000138,0.46545870218222074,0.4104839017373005,14.531346463884747,23.631699994439256,39.92419998394325,0.0,72.0,0.2,0.7013428115844725,1.7661545753478998,-1.886269072315372e-05,6fe206064535771949f82316212b42ec37a941e76ad3587f29d5ec7ca77ce9ca,ok,721,0.10000000000000053,72.10000000000038,72.0,262,0.14926687502993294,-0.8452237844467163,721,C:\Users\grape\OneDrive\Multi_Robot_System\maps\i_shape\map_089.png,5.0,1.0,0.1558,720.0,1.0,
square,120,5,34,True,1158,goal,,0.962036,0.0,0.0,0.365833,1159.0,,,,0.4106885987292688,1.0590268056839705,2.227756624268327,5795,69538,80530,.,conn_ablation,w/o CM,agent_5_conn_ablation/square_seed_120_034,True,63.41669999999999,,,,,,,63.4167385677308,100.0,-2.862371921539306,42.39999999999985,21.399999999999924,1.0714625087185974,0.8515144945034441,12.514952286343453,23.263160014175796,86.97820000816137,0.0,115.8,0.2,1.2830992125208511,2.543688035729003,3.85677308116783e-05,ed7efd93bcb33aebef332c5d5737ee07d5448403145b38ddebf62bea1731c888,ok,1159,0.09999999999999964,115.8999999999996,115.8,424,-0.10069755339437358,-1.9254369735717776,1159,C:\Users\grape\OneDrive\Multi_Robot_System\maps\square\map_034.png,5.0,5.0,0.67788,1158.0,1.0,
square,120,5,49,True,1428,goal,,0.979006,0.0,0.0,0.239328,1429.0,,,,0.4577129695786162,1.083359941840172,2.192951948483575,7145,57090,63573,.,conn_ablation,w/o CM,agent_5_conn_ablation/square_seed_120_049,True,76.0672,,,,,,,76.06717984604619,100.0,-2.854378700256348,34.199999999999875,20.09999999999993,1.0693257341234963,0.6441076080701504,11.66998215529356,21.050719998311223,41.039600007934496,0.0,142.8,0.2,0.9585645723342896,2.2039481163024903,-2.0153953812496184e-05,f34c4313348bc3b867d49e58fd717ffa4de0710358db704854139a785169dabd,ok,1429,0.09999999999999964,142.8999999999995,142.8,342,0.16252114603451034,-1.004483985900879,1429,C:\Users\grape\OneDrive\Multi_Robot_System\maps\square\map_049.png,5.0,5.0,0.745708,1428.0,1.0,
square,120,5,69,True,1550,goal,,0.97421,0.0,0.0,0.346873,1551.0,,,,0.28981214859393256,0.9542019314077004,2.4951207590364373,7755,61014,69676,.,conn_ablation,w/o CM,agent_5_conn_ablation/square_seed_120_069,True,65.3127,,,,,,,65.31270148291425,100.0,-1.6164377927780151,53.79999999999885,14.99999999999968,0.7021443981115847,0.5799336154221602,12.237426241214893,21.55559998936951,94.78770001442173,0.0,155.0,0.2,0.21566093243687368,0.5192365146485081,1.4829142429562125e-06,e628e1a9a83b5fcd6f15b65a0d000f3dd4698c140f23d6f554664add2819b603,ok,1551,0.09999999999999787,155.0999999999967,155.0,538,0.030588744610528806,-1.1204538345336914,1551,C:\Users\grape\OneDrive\Multi_Robot_System\maps\square\map_069.png,5.0,5.0,0.721296,1550.0,1.0,
square,140,5,34,True,2628,goal,,0.947509,0.0,0.0,0.159376,2629.0,,,,0.3382494958570725,1.0006585793209637,2.2333205510121976,13145,69068,80530,.,conn_ablation,w/o CM,agent_5_conn_ablation/square_seed_140_034,True,84.0624,,,,,,,84.06238113351084,100.0,-1.4603537321090698,41.89999999999762,14.799999999999159,0.6492597186526194,0.40134685107802437,12.804148307320059,23.232580011244867,107.22030000761151,0.038037276531000384,262.8,0.2,0.8514229212102984,2.2580330421019057,-1.88664891567214e-05,979905296d9b1895276de0c6845620c484075606ad56fff7b10254fe4d41e33e,ok,2629,0.09999999999999432,262.8999999999851,262.8,419,0.2033233999888586,-0.617534065246582,2629,C:\Users\grape\OneDrive\Multi_Robot_System\maps\square\map_034.png,5.0,5.0,0.67788,2628.0,1.0,
square,140,5,49,True,459,frozen,,0.784783,0.0,0.0,0.0,460.0,,,,0.3014371927120251,1.2055555425680458,2.0305793268598764,2300,17803,63573,.,conn_ablation,w/o CM,agent_5_conn_ablation/square_seed_140_049,True,100.0,,,,,,,100.0,100.0,0.5122043490409851,0.0,0.0,0.0,,14.93813369528178,28.48694498534314,97.6405999972485,0.0,,,,,0.0,3727acbf2438887cedab4131e0a8b73e90e83dbac116729fbac42099ff4b8944,ok,460,0.10000000000000009,46.00000000000004,45.900000000000006,0,0.596989411374797,0.5402795791625976,460,C:\Users\grape\OneDrive\Multi_Robot_System\maps\square\map_049.png,5.0,5.0,0.745708,,,
square,140,5,69,True,2633,goal,,0.715262,0.0,0.042901,0.007973,2634.0,,,,0.4896263277808279,1.4566384853373668,2.1650663754531934,13170,56634,69676,.,conn_ablation,w/o CM,agent_5_conn_ablation/square_seed_140_069,True,99.2027,,,,,,,99.20273348519362,95.70994684889901,-0.04353255033493041,2.0999999999998806,1.9999999999998863,0.026760273800652823,0.02731435639517648,16.029046051950342,30.573979987821073,122.76329999440348,0.07593014426727411,263.3,0.2,0.3442590315828734,0.7791599689358948,3.348519362589286e-05,92066134c7d4b83497045a18d60fbfe07376dd7aed7e441b2032bb02e3cabe81,ok,2634,0.09999999999999432,263.399999999985,263.3,21,0.4319172164392725,0.09619924128055574,2634,C:\Users\grape\OneDrive\Multi_Robot_System\maps\square\map_069.png,5.0,5.0,0.721296,2633.0,1.0,
square,42,5,34,True,1414,goal,,0.963958,0.0,0.0,0.174558,1415.0,,,,0.32968667914806926,0.8930922622451404,2.000000014901161,7075,73914,80530,.,conn_ablation,w/o CM,agent_5_conn_ablation/square_seed_42_034,True,82.5442,,,,,,,82.54416961130741,100.0,-1.102567434310913,24.69999999999991,13.699999999999951,0.5200634205639185,0.38703346952253026,15.557010318115584,28.37284000124781,94.21779998228884,0.0,141.4,0.2,0.4840627919379627,1.5899493032414465,-3.0388692593419364e-05,4a1094d9323f1dc1d815ab0f3f048aa7c22b5011bafb839500c629e454d84ef9,ok,1415,0.09999999999999964,141.4999999999995,141.4,247,0.2077024874543975,-0.5040220618247985,1415,C:\Users\grape\OneDrive\Multi_Robot_System\maps\square\map_034.png,5.0,5.0,0.67788,1414.0,1.0,
square,42,5,49,True,1115,goal,,1.0,0.0,0.0,0.228495,1116.0,,,,0.36919423793220985,1.0000016325102439,1.3823038348836796,5580,55266,63573,.,conn_ablation,w/o CM,agent_5_conn_ablation/square_seed_42_049,True,77.1505,,,,,,,77.15053763440861,100.0,-1.390820860862732,25.499999999999908,14.499999999999948,0.6250687214526645,0.4401652682061289,12.85959121901133,23.493275009968784,39.74300000118092,0.0,111.5,0.2,0.8185703922392618,2.1601853733667187,3.763440861348499e-05,cfbeabc2707d197203ebb69b785cb4f8148f8153c1c6b8e1204bb6454a65c5be,ok,1116,0.09999999999999964,111.5999999999996,111.5,255,0.21654701214216943,-0.5177536606788636,1116,C:\Users\grape\OneDrive\Multi_Robot_System\maps\square\map_049.png,5.0,5.0,0.745708,1115.0,1.0,
square,42,5,69,True,1885,goal,,0.758218,0.0,0.0,0.110286,1886.0,,,,0.48591658556382705,1.6840850301086912,2.316841383152411,9430,61161,69676,.,conn_ablation,w/o CM,agent_5_conn_ablation/square_seed_42_069,True,88.9714,,,,,,,88.97136797454931,100.0,-0.41868531703948975,20.799999999999557,5.999999999999872,0.2289243495221065,0.1642820551418341,15.113927624887719,28.251375020772684,85.80309999524614,0.0,188.5,0.2,0.41715453118976453,0.9562287312995157,-3.2025450693140556e-05,d74441b5ca5f2c0fb4cc897799c2c418c420e12f2de90b0b6a90a932a8dd982e,ok,1886,0.09999999999999787,188.599999999996,188.5,208,0.3556219953589323,-0.1535135805606842,1886,C:\Users\grape\OneDrive\Multi_Robot_System\maps\square\map_069.png,5.0,5.0,0.721296,1885.0,1.0,
square,64,5,34,True,1306,goal,,0.96404,0.0,0.0,0.153022,1307.0,,,,0.3810536618822048,1.0000142564937318,2.174813619165242,6535,72410,80530,.,conn_ablation,w/o CM,agent_5_conn_ablation/square_seed_64_034,True,84.6978,,,,,,,84.69778117827084,100.0,-0.813388466835022,19.99999999999993,19.99999999999993,0.40556562112355454,0.45773930072784424,15.184000382463,25.436750010703694,111.7936000227928,0.07651109410864575,130.6,0.2,0.9542866238863024,1.5664353891763838,-1.8821729156570655e-05,0f6de4e3005a164869b979274a7a994371a20bd9f6c07d3e51445520586741a2,ok,1307,0.09999999999999964,130.69999999999953,130.6,200,0.2727072114422746,-0.7059172987937927,1307,C:\Users\grape\OneDrive\Multi_Robot_System\maps\square\map_034.png,5.0,5.0,0.67788,1306.0,1.0,
square,64,5,49,True,1137,goal,,0.974517,0.0,0.0,0.036907,1138.0,,,,0.3627616787214739,0.9694981712658142,2.211971591887047,5690,55297,63573,.,conn_ablation,w/o CM,agent_5_conn_ablation/square_seed_64_049,True,96.3093,,,,,,,96.30931458699473,100.0,-0.1500849723815918,4.199999999999985,2.199999999999992,0.08886724114548838,0.05870574854669117,12.259395430049686,21.406384994043034,36.30489998613484,0.0,113.7,0.2,0.6756233978271486,1.1384874343872073,1.4586994737442183e-05,72f74ec7b0c2c79f87cd84b7c1b15ded37e9761339d42fa6f2443eb43e23d78a,ok,1138,0.09999999999999964,113.7999999999996,113.7,42,0.38214463553340655,0.04143381118774414,1138,C:\Users\grape\OneDrive\Multi_Robot_System\maps\square\map_049.png,5.0,5.0,0.745708,1137.0,1.0,
square,64,5,69,True,1243,goal,,0.96463,0.0,0.0,0.030547,1244.0,,,,0.27290769476419613,0.8454709145567688,2.577621061067312,6220,60755,69676,.,conn_ablation,w/o CM,agent_5_conn_ablation/square_seed_64_069,True,96.9453,,,,,,,96.94533762057877,100.0,-0.28773438930511475,3.7999999999999865,3.4999999999999876,0.16318969538980987,0.15615500901874743,12.322015595112154,22.965010016923767,37.546000006841496,0.0,124.3,0.2,0.2917024451408482,0.5566575198936934,3.762057876599556e-05,a1892ed30d985f163183cf8492b6b9d803e0d3d337a8b6e83b4c487ebe4e0f9e,ok,1244,0.09999999999999964,124.39999999999955,124.3,38,0.4285152133829724,0.0945144295692444,1244,C:\Users\grape\OneDrive\Multi_Robot_System\maps\square\map_069.png,5.0,5.0,0.721296,1243.0,1.0,
square,91,5,34,True,1560,goal,,0.967329,0.0,0.0,0.014094,1561.0,,,,0.2959953226613914,0.9864899084846663,2.3025565674532547,7805,72955,80530,.,conn_ablation,w/o CM,agent_5_conn_ablation/square_seed_91_034,True,98.5906,,,,,,,98.5906470211403,100.0,-0.19529348611831665,2.199999999999953,2.199999999999953,0.11394391847548102,0.09887992522933266,14.189615118345495,24.24080000491813,91.51880000717938,0.0,156.0,0.2,0.4282216336228638,0.9566930770874027,4.702114030408211e-05,36c9975477eb780570e7f38cc0be99197f6f56cd6472bdb12b2ebc0aa5738a05,ok,1561,0.09999999999999787,156.09999999999667,156.0,22,0.4178514308191736,0.1540071964263916,1561,C:\Users\grape\OneDrive\Multi_Robot_System\maps\square\map_034.png,5.0,5.0,0.67788,1560.0,1.0,
square,91,5,49,True,1382,goal,,0.951555,0.0,0.0,0.268257,1383.0,,,,0.38299832983761406,1.0203652310252573,2.6526215983587305,6915,50796,63573,.,conn_ablation,w/o CM,agent_5_conn_ablation/square_seed_91_049,True,73.1743,,,,,,,73.17425885755604,100.0,-1.4909857511520384,37.099999999999866,17.999999999999936,0.6597896256488598,0.6700702176261141,12.429778380593891,22.440990008180957,51.338099990971386,0.0,138.2,0.2,0.6677563693800954,1.479503120322718,-4.11424439619168e-05,438b4dc4cd9116c505cd850fdf639d59ab7996eee775d059658a52936757a71e,ok,1383,0.09999999999999964,138.2999999999995,138.2,371,0.13149983134721382,-1.2264495849609374,1383,C:\Users\grape\OneDrive\Multi_Robot_System\maps\square\map_049.png,5.0,5.0,0.745708,1382.0,1.0,
square,91,5,69,True,1067,goal,,0.925094,0.0,0.0,0.004682,1068.0,,,,0.3655424765791317,1.06973351696393,2.193789271980505,5340,52005,69676,.,conn_ablation,w/o CM,agent_5_conn_ablation/square_seed_91_069,True,99.5318,,,,,,,99.53183520599251,100.0,-0.04672253131866455,0.49999999999999933,0.49999999999999933,0.02868723371285542,0.024031674861907958,12.548710487382696,23.35452498955419,42.86849999334663,0.0,106.7,0.2,0.6439273256165357,1.2979713916778568,3.520599250350642e-05,0344d97d030fc4755e0d6b9e924a72ef2d3b123133c7b71b46638f8a43c97a35,ok,1068,0.09999999999999987,106.79999999999986,106.7,5,0.48359252107835443,0.12714936435222626,1068,C:\Users\grape\OneDrive\Multi_Robot_System\maps\square\map_069.png,5.0,5.0,0.721296,1067.0,1.0,
custom,120,5,1,True,506,goal,,0.998028,0.0,0.0,0.0,507.0,,,,0.27743300512787966,0.7226580989163918,1.5145993148384362,2535,29127,35940,.,default,Full,agent_5_default/custom_seed_120_001,True,100.0,,,,,,,100.0,100.0,0.35884004831314087,0.0,0.0,0.0,,15.39710710091283,22.571890003746372,83.37490001576953,0.0,50.6,0.2,0.2236932296752931,0.5445424938201908,0.0,0fc43d258aa4e173e9f01137f026931495ce7a79f8ef1411bdf790e06cd35cb0,ok,507,0.10000000000000053,50.70000000000027,50.6,0,0.5417167959363738,0.421176877617836,507,C:\Users\grape\OneDrive\Multi_Robot_System\maps\custom\map_001.png,5.0,1.0,0.2812,506.0,1.0,
custom,120,5,2,True,5914,goal,,0.961792,0.0,0.0,0.166357,5915.0,,,,0.4319399443116998,1.0250619014355824,2.828427504067852,29575,146216,189167,.,default,Full,agent_5_default/custom_seed_120_002,True,83.3643,,,,,,,83.3643279797126,100.0,-0.5047413110733032,98.4000000000014,18.90000000000027,0.2699258437262384,0.03697566015691292,11.979036179169642,21.324770009960048,115.107599995099,0.0169061707523246,591.4,0.2,0.9628425820604404,2.082969200004534,2.7979712598380502e-05,2dc8625f071a3af0c6104053ec3fafba272dbfb887b57b715a3dd35ce35782af,ok,5915,0.10000000000000142,591.5000000000084,591.4,984,0.16479567089326685,-0.006673049926757813,5915,C:\Users\grape\OneDrive\Multi_Robot_System\maps\custom\map_002.png,5.0,5.0,0.243332,5914.0,1.0,
custom,120,5,3,True,1546,goal,,0.987072,0.0,0.0,0.022624,1547.0,,,,0.3534307511713976,0.8637573694457908,2.146978672234119,7735,64124,109925,.,default,Full,agent_5_default/custom_seed_120_003,True,97.7376,,,,,,,97.73755656108597,100.0,-0.03564971685409546,3.4999999999999254,1.9999999999999574,0.021979146240399206,0.010617642743246896,11.462787395155354,19.891900001675815,46.80569999618456,0.0,154.60000000000002,0.2,0.8086849021911618,1.2514899730682374,-4.343891403379985e-05,37c41561df095d2eafebf4d6ea5f9d9ae711fd33186dca600a6f10d23d641962,ok,1547,0.09999999999999787,154.6999999999967,154.60000000000002,35,0.40036388879139806,0.0020772039890289327,1547,C:\Users\grape\OneDrive\Multi_Robot_System\maps\custom\map_003.png,5.0,5.0,0.5603,1546.0,1.0,
custom,140,5,1,True,479,goal,,0.997917,0.0,0.0,0.0,480.0,,,,0.2601389817192502,0.7283912682989293,1.4047452880813796,2400,27976,35940,.,default,Full,agent_5_default/custom_seed_140_001,True,100.0,,,,,,,100.0,100.0,0.40196177363395685,0.0,0.0,0.0,,17.742872500214922,25.307970005087554,34.15260001202114,0.0,47.900000000000006,0.2,0.44098363113403316,0.762228193283081,0.0,dd220dc65f8593c6e7ab2f5e5466b1ceb912f2505006a98a87d3451f9ac353b1,ok,480,0.10000000000000009,48.00000000000004,47.900000000000006,0,0.5372034563993414,0.44861767739057534,480,C:\Users\grape\OneDrive\Multi_Robot_System\maps\custom\map_001.png,5.0,1.0,0.2812,479.0,1.0,
custom,140,5,2,True,6244,goal,,0.976781,0.0,0.0,0.058127,6245.0,,,,0.32526901884206455,0.9757511001028504,2.8284271352829022,31225,127295,189167,.,default,Full,agent_5_default/custom_seed_140_002,True,94.1873,,,,,,,94.18734987990392,100.0,-0.4864755868911743,36.300000000000516,9.90000000000014,0.26135554216820966,0.08638105133019859,11.957096108886002,20.778120012255368,115.60569997527637,0.032025620496397116,624.4000000000001,0.2,0.6832221915063521,1.7072445869445803,4.987990392635311e-05,f8916b0bc72ce899f18a4b870143ac7f90aa8b1c1a6f73eb2082f0510f285d62,ok,6245,0.10000000000000142,624.5000000000089,624.4000000000001,363,0.2246930655858534,-0.0017538905143737787,6245,C:\Users\grape\OneDrive\Multi_Robot_System\maps\custom\map_002.png,5.0,5.0,0.243332,6244.0,1.0,
custom,140,5,3,True,3182,frozen,,0.97361,0.0,0.0,0.134779,3183.0,,,,0.4093426971998465,1.0064792061280636,2.7702080206441444,15915,80822,109925,.,default,Full,agent_5_default/custom_seed_140_003,True,86.5221,,,,,,,86.52214891611688,100.0,-0.2656402587890625,42.89999999999756,10.19999999999942,0.15165133257357577,0.02083251679138148,12.125992145508695,21.788289994583458,84.94080000673421,0.0,,,,,4.8916116881514426e-05,bfb8b40ebfa3428679f4d9a973e9561f7dc505bf1dbbceba8a62c489d2350e2d,ok,3183,0.09999999999999432,318.2999999999819,318.20000000000005,429,0.17570248932498378,-0.006835669279098509,3183,C:\Users\grape\OneDrive\Multi_Robot_System\maps\custom\map_003.png,5.0,5.0,0.5603,,,
custom,42,5,1,True,557,goal,,0.998208,0.0,0.0,0.0,558.0,,,,0.2709309907032888,0.7257333850324935,1.8868683015429872,2790,28564,35940,.,default,Full,agent_5_default/custom_seed_42_001,True,100.0,,,,,,,100.0,100.0,0.09427499771118163,0.0,0.0,0.0,,12.513648924643322,20.22690999365295,34.05579998798203,0.0,55.7,0.2,0.40251541328430174,0.9208824062347412,0.0,83343be0e65923f4bbdc324c9ee55fbd8ae7c959543b0b754f1de1c14711e521,ok,558,0.10000000000000053,55.800000000000296,55.7,0,0.4584807279823501,0.16192176789045334,558,C:\Users\grape\OneDrive\Multi_Robot_System\maps\custom\map_001.png,5.0,1.0,0.2812,557.0,1.0,
custom,42,5,2,True,5148,goal,,0.917654,0.0,0.051466,0.088172,5149.0,,,,0.4054834213838831,1.0384063235935042,2.8284455324400013,25745,143377,189167,.,default,Full,agent_5_default/custom_seed_42_002,True,91.1828,,,,,,,91.18275393280248,94.85336958632745,-1.2524608373641968,45.399999999999835,18.599999999999934,0.5756674152440322,0.18503067475058435,14.517354088075678,27.894560000277117,101.78640000231098,0.019421246844047387,514.8000000000001,0.2,0.29447176171229905,0.914917182083236,-4.606719751620858e-05,da9c6979139b099c970ead654969725a64ea6adf8e13edd3a9f879599181713a,ok,5149,0.09999999999999964,514.8999999999982,514.8000000000001,454,0.1941974730046195,-0.026439368724822967,5149,C:\Users\grape\OneDrive\Multi_Robot_System\maps\custom\map_002.png,5.0,5.0,0.243332,5148.0,1.0,
custom,42,5,3,True,4041,goal,,0.98095,0.0,0.003464,0.046512,4042.0,,,,0.428242099247041,1.0026616204843193,2.542227420297257,20210,97513,109925,.,default,Full,agent_5_default/custom_seed_42_003,True,95.3488,,,,,,,95.34883720930233,99.65363681345868,-0.2820532321929932,18.79999999999893,7.099999999999596,0.16023602941828485,0.05624814268122328,13.194352671906692,21.178675006376576,87.18279999447985,0.0,404.1,0.2,1.3194639142075721,2.6583175420761105,3.720930233441777e-05,4b1b763a7d39fe5101aa8a140dc02c8d80aa770e0d0ea3b63c2f4ad0aa5255cf,ok,4042,0.09999999999999432,404.199999999977,404.1,188,0.2549055168780285,-0.0008756577968597412,4042,C:\Users\grape\OneDrive\Multi_Robot_System\maps\custom\map_003.png,5.0,5.0,0.5603,4041.0,1.0,
custom,64,5,1,True,470,goal,,1.0,0.0,0.0,0.0,471.0,,,,0.31849637621786947,0.8262620184216203,1.0606140907202308,2355,28248,35940,.,default,Full,agent_5_default/custom_seed_64_001,True,100.0,,,,,,,100.0,100.0,0.10255038738250732,0.0,0.0,0.0,,15.685877494435886,22.81944999413099,35.31269999803044,0.0,47.0,0.2,0.6808245201110841,1.5403942489624023,0.0,de677e50436b7c7be45a35897e64d38464d3870762881c979aa3961a1a71115e,ok,471,0.10000000000000009,47.100000000000044,47.0,0,0.4534997032706145,0.18530572950839996,471,C:\Users\grape\OneDrive\Multi_Robot_System\maps\custom\map_001.png,5.0,1.0,0.2812,470.0,1.0,
custom,64,5,2,True,3493,goal,,0.990555,0.0,0.0,0.12221,3494.0,,,,0.33229452356712896,0.985993818818087,2.8198094702518874,17470,124449,189167,.,default,Full,agent_5_default/custom_seed_64_002,True,87.779,,,,,,,87.77904979965655,100.0,-0.16551649570465088,42.69999999999757,9.799999999999443,0.0975057078953041,0.015179263065793754,16.588284229956933,24.14091499522328,98.44250000605824,0.0,349.3,0.2,0.6225957944206522,1.17119264752532,4.979965655138585e-05,764cb19519b3c6904c7df1857b284683f070d976625096ddaf918fbcbf86f595,ok,3494,0.09999999999999432,349.39999999998014,349.3,427,0.1848210891656488,-0.006894427537918091,3494,C:\Users\grape\OneDrive\Multi_Robot_System\maps\custom\map_002.png,5.0,5.0,0.243332,3493.0,1.0,
custom,64,5,3,True,3356,goal,,0.984808,0.0,0.0,0.189157,3357.0,,,,0.42368707764764674,1.0030215534496882,2.8284271352829022,16785,97504,109925,.,default,Full,agent_5_default/custom_seed_64_003,True,81.0843,,,,,,,81.08430145963658,100.0,-0.252071738243103,63.49999999999639,9.399999999999466,0.14449549403006845,0.02902679199308861,15.036734018579823,23.861640007817186,90.83329999702983,0.0,335.6,0.2,1.0899864482879635,2.1065352916717526,1.4596365787156174e-06,a9c60d88a673240b5e4f72c8d8d9e8c0072773b6f6b2960b21cc298f294cbc67,ok,3357,0.09999999999999432,335.69999999998095,335.6,635,0.11731151247933609,-0.03885692358016968,3357,C:\Users\grape\OneDrive\Multi_Robot_System\maps\custom\map_003.png,5.0,5.0,0.5603,3356.0,1.0,
custom,91,5,1,True,474,goal,,1.0,0.0,0.0,0.0,475.0,,,,0.24313006804731527,0.7919954095743184,1.0088744188107603,2375,27423,35940,.,default,Full,agent_5_default/custom_seed_91_001,True,100.0,,,,,,,100.0,100.0,0.002201676368713379,0.0,0.0,0.0,,13.235355158440623,21.76617999357404,36.31189999578055,0.0,47.400000000000006,0.2,0.6937676448822021,1.1622564220428466,0.0,d9fef0d3108962b7d17e133371e21832c135204f40a21416575583acc6b4c04c,ok,475,0.10000000000000009,47.50000000000004,47.400000000000006,0,0.33527713411732724,0.019782334566116336,475,C:\Users\grape\OneDrive\Multi_Robot_System\maps\custom\map_001.png,5.0,1.0,0.2812,474.0,1.0,
custom,91,5,2,True,5298,goal,,0.959804,0.0,0.0,0.074542,5299.0,,,,0.35780294892556375,1.0000002213491541,2.8284271352829022,26495,148692,189167,.,default,Full,agent_5_default/custom_seed_91_002,True,92.5458,,,,,,,92.54576335157577,100.0,-0.27233272790908813,39.49999999999986,8.099999999999971,0.15516110050037535,0.031393204006967663,13.604268994138014,24.118689999158924,113.80279999866616,0.05661445555765239,529.8000000000001,0.2,0.9766414499282838,2.096010518074036,-3.664842422779202e-05,008a7e052b793cf3b5876f60db26f5dcb6f1960f97fba9ba06bfa8abe632865a,ok,5299,0.09999999999999964,529.8999999999982,529.8000000000001,395,0.170120905049231,-0.004129391908645629,5299,C:\Users\grape\OneDrive\Multi_Robot_System\maps\custom\map_002.png,5.0,5.0,0.243332,5298.0,1.0,
custom,91,5,3,True,4558,goal,,0.992981,0.0,0.0,0.128976,4559.0,,,,0.37965019940093936,0.996789446498404,2.7692091330982898,22795,98717,109925,.,default,Full,agent_5_default/custom_seed_91_003,True,87.1024,,,,,,,87.1024347444615,100.0,-0.12703508138656616,58.79999999999875,9.499999999999797,0.07580539013331389,0.01178121364035574,12.540649594331407,20.64051999186631,123.71299999358598,0.043869269576661554,455.8,0.2,0.8830946320863402,1.9642552229622197,3.4744461501645674e-05,ea143c08ad66fb66d63b93828ae44a9a9e082c2442dcf5e38bf2a326260724c6,ok,4559,0.09999999999999787,455.89999999999026,455.8,588,0.11301571337976432,-0.005242460966110229,4559,C:\Users\grape\OneDrive\Multi_Robot_System\maps\custom\map_003.png,5.0,5.0,0.5603,4558.0,1.0,
i_shape,120,5,3,True,475,frozen,,0.573529,0.0,0.298319,0.0,476.0,,,,0.632174088289345,2.000000014901161,2.000000014901161,2380,23342,41483,.,default,Full,agent_5_default/i_shape_seed_120_003,True,100.0,,,,,,,100.0,70.16806722689076,-8.106231689453125e-06,0.0,0.0,0.0,,17.219013234398897,31.89274998294423,102.62729998794384,0.21008403361344538,,,,,0.0,2a53fb6ddddab06915fd4ca2eed1b1d1735ab510284e8d6d5e8e2ba0aa2e0f03,ok,476,0.10000000000000009,47.600000000000044,47.5,0,0.35748449086892503,5.483627319335938e-06,476,C:\Users\grape\OneDrive\Multi_Robot_System\maps\i_shape\map_003.png,5.0,1.0,0.17034,,,
i_shape,120,5,15,True,700,goal,,0.958631,0.0,0.0,0.0,701.0,,,,0.42607697258235294,1.003763226797112,2.0984827660290994,3505,34197,41213,.,default,Full,agent_5_default/i_shape_seed_120_015,True,100.0,,,,,,,100.0,100.0,0.23563793301582336,0.0,0.0,0.0,,12.593175321016938,22.729700023774058,47.47960000531748,0.0,70.0,0.2,0.29414729118347155,0.6853685855865477,0.0,7871dd3acc176cf4bfb0313531a65e7581c427d235055d75d1ef9002cb3aa001,ok,701,0.10000000000000053,70.10000000000038,70.0,0,0.48659551938658263,0.3036860525608063,701,C:\Users\grape\OneDrive\Multi_Robot_System\maps\i_shape\map_015.png,5.0,1.0,0.17574,700.0,1.0,
i_shape,120,5,44,True,830,goal,,0.955475,0.0,0.0,0.0,831.0,,,,0.4766487379769034,1.020559172628797,2.0318128504938198,4155,34279,41535,.,default,Full,agent_5_default/i_shape_seed_120_044,True,100.0,,,,,,,100.0,100.0,0.08821177482604979,0.0,0.0,0.0,,13.25553116713209,23.846299984143116,100.04350001690908,0.12033694344163659,83.0,0.2,0.3930012130737304,1.0404911518096918,0.0,9060de83d5560fc805ce7dd3a078cc2bf0769ead4c3158b957560db13d660d92,ok,831,0.10000000000000009,83.10000000000008,83.0,0,0.4348101647824013,0.12722158432006836,831,C:\Users\grape\OneDrive\Multi_Robot_System\maps\i_shape\map_044.png,5.0,1.0,0.1693,830.0,1.0,
i_shape,120,5,68,True,614,goal,,0.957724,0.0,0.0,0.0,615.0,,,,0.41140690394986684,1.019607422635664,2.2513577625771726,3075,33717,41694,.,default,Full,agent_5_default/i_shape_seed_120_068,True,100.0,,,,,,,100.0,100.0,0.302695631980896,0.0,0.0,0.0,,13.10895528389724,24.69067001948132,45.77309999149293,0.0,,,,,0.0,c2836044e1171306737ff26c6d35e18ed7a3c42a0a9a1c89d9b9d545b6c562f1,ok,615,0.10000000000000053,61.50000000000033,61.400000000000006,0,0.4634735146673714,0.32421148419380186,615,,,,,,,goal_map_free_cell_count_mismatch
i_shape,120,5,84,True,596,goal,,0.984925,0.0,0.0,0.0,597.0,,,,0.32733888220326296,0.830186561837847,1.9988149922354381,2985,35556,42528,.,default,Full,agent_5_default/i_shape_seed_120_084,True,100.0,,,,,,,100.0,100.0,0.4239597916603088,0.0,0.0,0.0,,13.154831658377994,22.58058000588788,117.84669998451136,0.16750418760469013,,,,,0.0,a504608502b4a048edbc4e7da69413d5f6dc802656812125fe9484e8b59cb35a,ok,597,0.10000000000000053,59.700000000000315,59.6,0,0.5437103449000386,0.44187440872192385,597,,,,,,,goal_map_free_cell_count_mismatch
i_shape,120,5,89,True,580,goal,,0.977625,0.0,0.0,0.0,581.0,,,,0.3181613966107042,0.8594982241210068,1.7644801762986169,2905,35067,42210,.,default,Full,agent_5_default/i_shape_seed_120_089,True,100.0,,,,,,,100.0,100.0,0.1715608835220337,0.0,0.0,0.0,,12.29957246116207,21.51310001499951,37.78630000306293,0.0,58.0,0.2,0.33408288002014147,0.8734760761260985,0.0,e5d53816064dce8f2566ea4c5d76c2d6a7ac0500da619c4d04922a61f7700c9a,ok,581,0.10000000000000053,58.10000000000031,58.0,0,0.4830836983535458,0.27460056543350214,581,C:\Users\grape\OneDrive\Multi_Robot_System\maps\i_shape\map_089.png,5.0,1.0,0.1558,580.0,1.0,
i_shape,140,5,3,True,778,goal,,1.0,0.0,0.0,0.01027,779.0,,,,0.3682774265197831,0.9685267630260294,1.5717406984555102,3895,33511,41483,.,default,Full,agent_5_default/i_shape_seed_140_003,True,98.973,,,,,,,98.97304236200257,100.0,-0.0013878941535949707,0.8000000000000043,0.8000000000000043,0.0008669640793000921,0.001238122582435608,12.316185751305511,22.892999975010735,34.507199976360425,0.0,77.80000000000001,0.2,0.5600717449188231,1.5211458683013914,4.236200257423661e-05,31d5653e10537a5f52d4ee282c01ecdeba34d22046122404113ca5afccabca97,ok,779,0.10000000000000053,77.90000000000042,77.80000000000001,8,0.4027304521956707,0.0030510246753692643,779,C:\Users\grape\OneDrive\Multi_Robot_System\maps\i_shape\map_003.png,5.0,1.0,0.17034,778.0,1.0,
i_shape,140,5,15,True,676,goal,,0.929099,0.0,0.0,0.0,677.0,,,,0.44601078647662545,1.0001612277154919,2.015098369882718,3385,35165,41213,.,default,Full,agent_5_default/i_shape_seed_140_015,True,100.0,,,,,,,100.0,100.0,0.02343970537185669,0.0,0.0,0.0,,13.021878877594832,25.865440000779913,59.205300000030554,0.0,67.60000000000001,0.2,0.3779294872283933,1.0357800006866453,0.0,aa63f05c78f5b0021a767f61e397494d8cbcf4b2eefb5af4b241b6897b243036,ok,677,0.10000000000000053,67.70000000000036,67.60000000000001,0,0.4567993050840088,0.09907268285751344,677,C:\Users\grape\OneDrive\Multi_Robot_System\maps\i_shape\map_015.png,5.0,1.0,0.17574,676.0,1.0,
i_shape,140,5,44,True,777,goal,,0.948586,0.0,0.0,0.0,778.0,,,,0.4694097011786682,0.9994850241767654,1.988463316505299,3890,33761,41535,.,default,Full,agent_5_default/i_shape_seed_140_044,True,100.0,,,,,,,100.0,100.0,0.1957901120185852,0.0,0.0,0.0,,12.210504370496146,22.932394997042135,37.31559999869205,0.0,77.7,0.2,0.40196146011352524,0.8784604549407957,0.0,f6b9c0ea3ccdb603ce2e16d0cbf455514759240dbe5f5f4d102cd5911dc84d48,ok,778,0.10000000000000053,77.80000000000041,77.7,0,0.5101811519242191,0.40413845479488375,778,C:\Users\grape\OneDrive\Multi_Robot_System\maps\i_shape\map_044.png,5.0,1.0,0.1693,777.0,1.0,
i_shape,140,5,68,True,523,goal,,0.986641,0.0,0.0,0.0,524.0,,,,0.3478042073249314,0.883628831656988,2.1660945713715662,2620,33601,41694,.,default,Full,agent_5_default/i_shape_seed_140_068,True,100.0,,,,,,,100.0,100.0,0.2518971562385559,0.0,0.0,0.0,,11.99641736840362,23.09035002108429,46.299200010253124,0.0,,,,,0.0,c78625fbdc8e989db77c6e8efa266174b888db4ee4c1ba35789d51e98b6919be,ok,524,0.10000000000000053,52.400000000000276,52.3,0,0.4690629976396342,0.3133748397231102,524,,,,,,,goal_map_free_cell_count_mismatch
i_shape,140,5,84,True,634,goal,,0.973228,0.0,0.0,0.011024,635.0,,,,0.4123651103056831,1.0381001955522597,2.440442168348516,3175,35486,42528,.,default,Full,agent_5_default/i_shape_seed_140_084,True,98.8976,,,,,,,98.8976377952756,100.0,-0.1429271697998047,0.7000000000000037,0.7000000000000037,0.08483171835089909,0.13594765322549002,11.749281889830502,20.25216999754775,41.2118999811355,0.0,,,,,3.779527560254792e-05,3f8e592f7a99946484a7905a925d2bc2c17cd0d35b10172e9be933ae0b3579f2,ok,635,0.10000000000000053,63.50000000000034,63.400000000000006,7,0.49131465399359153,0.2402957111597061,635,,,,,,,goal_map_free_cell_count_mismatch
i_shape,140,5,89,True,735,goal,,0.985054,0.0,0.0,0.01087,736.0,,,,0.3918876650614681,0.9720464593273053,2.149600145152546,3680,34984,42210,.,default,Full,agent_5_default/i_shape_seed_140_089,True,98.913,,,,,,,98.91304347826086,100.0,-0.0027223825454711914,0.8000000000000043,0.8000000000000043,0.0016996835133910038,0.0020258724689483643,12.088363179076545,21.943899999314453,42.20419999910519,0.0,73.5,0.2,0.3318587207794189,0.9672458648681639,4.347826086359419e-05,d415228595cd018013c5ff19ba2ff42409de3d8e36efbaa9f747e50e8991552e,ok,736,0.10000000000000053,73.60000000000039,73.5,8,0.3846194063029859,0.004162892699241638,736,C:\Users\grape\OneDrive\Multi_Robot_System\maps\i_shape\map_089.png,5.0,1.0,0.1558,735.0,1.0,
i_shape,42,5,3,True,1007,frozen,,0.973214,0.0,0.0,0.08631,1008.0,,,,0.586530369136495,1.0939594861119986,2.1978963009386585,5040,31560,41483,.,default,Full,agent_5_default/i_shape_seed_42_003,True,91.369,,,,,,,91.36904761904762,100.0,-0.03976547718048096,8.699999999999998,8.499999999999998,0.024478912514129147,0.010411363223503375,13.40208134931186,22.606405003898548,96.41079998982605,0.0,,,,,4.761904762062841e-05,9b331911624c2b64aba8ac7dcd5abb07712b8a9a06b1a8eb155df6e082ae09af,ok,1008,0.09999999999999998,100.79999999999998,100.7,87,0.19054307294861664,-0.0023833245038986208,1008,C:\Users\grape\OneDrive\Multi_Robot_System\maps\i_shape\map_003.png,5.0,1.0,0.17034,,,
i_shape,42,5,15,True,1029,goal,,0.964078,0.0,0.0,0.0,1030.0,,,,0.49896965301632307,1.0102556192635923,2.068430169828163,5150,33937,41213,.,default,Full,agent_5_default/i_shape_seed_42_015,True,100.0,,,,,,,100.0,100.0,0.005768656730651856,0.0,0.0,0.0,,11.644836699008575,21.5053100051591,38.175800000317395,0.0,102.9,0.2,0.458267011642456,0.9256382465362551,0.0,ce23d746afaa6ef6d12653881d8306df87bbe3222680e353c7ac7396a3faf04d,ok,1030,0.09999999999999998,102.99999999999997,102.9,0,0.353987340354225,0.045992258191108706,1030,C:\Users\grape\OneDrive\Multi_Robot_System\maps\i_shape\map_015.png,5.0,1.0,0.17574,1029.0,1.0,
i_shape,42,5,44,True,804,goal,,0.89441,0.0,0.002484,0.0,805.0,,,,0.45056260334802845,1.0574218771008257,2.4141992507795442,4025,33161,41535,.,default,Full,agent_5_default/i_shape_seed_42_044,True,100.0,,,,,,,100.0,99.75155279503105,0.0027688145637512207,0.0,0.0,0.0,,11.320454906853008,21.600759995635585,32.700399999157526,0.0,80.4,0.2,0.5008247756958008,0.7519610404968264,0.0,a700b5ee4a1880fcac07097be97f034cb7e2a690e76a9f61e4a820df4d09a882,ok,805,0.10000000000000009,80.50000000000007,80.4,0,0.5139038945206944,0.1472280025482178,805,C:\Users\grape\OneDrive\Multi_Robot_System\maps\i_shape\map_044.png,5.0,1.0,0.1693,804.0,1.0,
i_shape,42,5,68,True,614,goal,,0.988618,0.0,0.0,0.121951,615.0,,,,0.36440951023707446,1.0001282866118084,2.7546652122950483,3075,33630,41694,.,default,Full,agent_5_default/i_shape_seed_42_068,True,87.8049,,,,,,,87.8048780487805,100.0,-0.14746451377868652,7.50000000000004,5.300000000000028,0.08739197301907486,0.0467319122950236,10.376476910584264,15.927589994680593,28.365499994833957,0.0,,,,,-2.1951219508764552e-05,fbffdc3d28cf9e32e755fbf3f2dff77bc89457955019ee1c9a0496d2fe0021b4,ok,615,0.10000000000000053,61.50000000000033,61.400000000000006,75,0.34494393114151994,-0.03104493021965026,615,,,,,,,goal_map_free_cell_count_mismatch
i_shape,42,5,84,True,621,goal,,0.987138,0.0,0.0,0.0,622.0,,,,0.37031971288385246,0.8889409398471797,1.9721745354238331,3110,35204,42528,.,default,Full,agent_5_default/i_shape_seed_42_084,True,100.0,,,,,,,100.0,100.0,0.31129202246665955,0.0,0.0,0.0,,10.353899677962527,15.021419988624979,38.08899999421556,0.0,,,,,0.0,a809780ada61f80f569b5e1c09c3d76507ac97199162d300403199455277888d,ok,622,0.10000000000000053,62.20000000000033,62.1,0,0.5354112095867323,0.41832897663116453,622,,,,,,,goal_map_free_cell_count_mismatch
i_shape,42,5,89,True,754,goal,,0.941722,0.0,0.0,0.049007,755.0,,,,0.41915283175179213,1.0226619666560328,2.8284271352829022,3775,34895,42210,.,default,Full,agent_5_default/i_shape_seed_42_089,True,95.0993,,,,,,,95.09933774834437,100.0,-0.47056615352630615,3.7000000000000197,3.7000000000000197,0.2538340256066447,0.330116149541494,10.991646490535478,20.3216599940788,29.871800012188032,0.0,75.4,0.2,0.5394058609008787,1.4945908069610594,3.77483443685378e-05,f340f1a1e95af55a85a88baa8237a214638f877dbbf07c05e2db95fd81a54235,ok,755,0.10000000000000053,75.5000000000004,75.4,37,0.281363043721938,-0.0006936073303222656,755,C:\Users\grape\OneDrive\Multi_Robot_System\maps\i_shape\map_089.png,5.0,1.0,0.1558,754.0,1.0,
i_shape,64,5,3,True,855,goal,,0.966121,0.0,0.0,0.0,856.0,,,,0.4095436665764077,1.000000336247691,2.000000014901161,4280,33335,41483,.,default,Full,agent_5_default/i_shape_seed_64_003,True,100.0,,,,,,,100.0,100.0,0.00044673681259155273,0.0,0.0,0.0,,15.646504672952338,24.630824995256262,41.3435000082245,0.0,85.5,0.2,0.5996685886383056,1.2815235137939456,0.0,80f44b029d4d05388a5235d7c7e3fdc8b6432b17d9876729f0a4de19a4b4f7b3,ok,856,0.10000000000000009,85.60000000000008,85.5,0,0.2695675123239232,0.006405621767044067,856,C:\Users\grape\OneDrive\Multi_Robot_System\maps\i_shape\map_003.png,5.0,1.0,0.17034,855.0,1.0,
i_shape,64,5,15,True,547,goal,,1.0,0.0,0.0,0.0,548.0,,,,0.343012579142424,0.906826867037537,1.5318133460281367,2740,32480,41213,.,default,Full,agent_5_default/i_shape_seed_64_015,True,100.0,,,,,,,100.0,100.0,0.005779922008514404,0.0,0.0,0.0,,15.481663868787194,22.892430004867492,27.662699998472817,0.0,54.7,0.2,0.9355274581909179,1.481782007217407,0.0,b62f5dede2a1ea29ddf3bdeb6dc44f95cd745cd67837701eadf6b27be6ec4c2e,ok,548,0.10000000000000053,54.800000000000296,54.7,0,0.38260101657496753,0.04656206369400025,548,C:\Users\grape\OneDrive\Multi_Robot_System\maps\i_shape\map_015.png,5.0,1.0,0.17574,547.0,1.0,
i_shape,64,5,44,True,716,goal,,0.988842,0.0,0.0,0.0,717.0,,,,0.4379872031236121,0.9556996593095293,2.34933648353755,3585,33751,41535,.,default,Full,agent_5_default/i_shape_seed_64_044,True,100.0,,,,,,,100.0,100.0,0.016076207160949707,0.0,0.0,0.0,,15.738832217524596,23.019059994840063,34.86620000330731,0.0,71.60000000000001,0.2,0.48415020942687975,0.7809079170227049,0.0,a78569f7f11b467c91d187c677e70899e87a3a495425ee483e3b8e51b31e838c,ok,717,0.10000000000000053,71.70000000000039,71.60000000000001,0,0.47630658608600185,0.10656886100769047,717,C:\Users\grape\OneDrive\Multi_Robot_System\maps\i_shape\map_044.png,5.0,1.0,0.1693,716.0,1.0,
i_shape,64,5,68,True,608,goal,,1.0,0.0,0.0,0.0,609.0,,,,0.3760553292886796,0.8537479088057863,1.2687790531239975,3045,33474,41694,.,default,Full,agent_5_default/i_shape_seed_64_068,True,100.0,,,,,,,100.0,100.0,0.33831918239593506,0.0,0.0,0.0,,15.59837224948421,22.905919997720044,26.804200009792112,0.0,,,,,0.0,8f0baf5f6ac77070ab19bfbd8627245aa9ed1a012b53735aaee0df330881ba0d,ok,609,0.10000000000000053,60.900000000000325,60.8,0,0.47094766455526615,0.3425984799861908,609,,,,,,,goal_map_free_cell_count_mismatch
i_shape,64,5,84,True,559,goal,,0.992857,0.0,0.0,0.0,560.0,,,,0.35182428312689884,0.900003458430507,2.427531387817397,2800,35349,42528,.,default,Full,agent_5_default/i_shape_seed_64_084,True,100.0,,,,,,,100.0,100.0,0.2866283357143402,0.0,0.0,0.0,,15.579037320977866,23.224954999022884,37.77320000517648,0.0,,,,,0.0,1f19bc80b48817982ac621a7cef19d0eb02e1539d35495b26eed3f81e2f52c92,ok,560,0.10000000000000053,56.0000000000003,55.900000000000006,0,0.5035198180803231,0.3196539834141731,560,,,,,,,goal_map_free_cell_count_mismatch
i_shape,64,5,89,True,792,goal,,0.962169,0.0,0.0,0.0,793.0,,,,0.3792277320201027,1.0041265781846067,2.4842224561069735,3965,35646,42210,.,default,Full,agent_5_default/i_shape_seed_64_089,True,100.0,,,,,,,100.0,100.0,0.0002061128616333008,0.0,0.0,0.0,,16.034547793175403,24.72925999900326,37.1519000036642,0.0,79.2,0.4,0.5461776542663574,1.559784936904907,0.0,56d15abe36c45a99e71d77216ffd2be356ff7b7aa2122f0d62efc5641137ffb1,ok,793,0.10000000000000031,79.30000000000025,79.2,0,0.2910140474687458,0.0025903463363647463,793,C:\Users\grape\OneDrive\Multi_Robot_System\maps\i_shape\map_089.png,5.0,1.0,0.1558,792.0,2.0,
i_shape,91,5,3,True,1116,goal,,0.862131,0.0,0.0,0.011638,1117.0,,,,0.47552517725143845,1.0521341823097443,2.0471727377219553,5585,33614,41483,.,default,Full,agent_5_default/i_shape_seed_91_003,True,98.83619999999999,,,,,,,98.83616830796778,100.0,-0.0691065788269043,1.2999999999999954,1.2999999999999954,0.04208466250544207,0.04285634939487164,13.568421307278046,24.709660004009507,94.28649999608751,0.0,111.6,0.2,0.30101045608520494,0.48178534507751447,-3.1692032209207355e-05,1b82ed9cae870d1b4ce621b80e9d01e80d8b217c67783a5d1e1cd8621c012a4c,ok,1117,0.09999999999999964,111.6999999999996,111.6,13,0.4149720440139275,0.06542427539825439,1117,C:\Users\grape\OneDrive\Multi_Robot_System\maps\i_shape\map_003.png,5.0,1.0,0.17034,1116.0,1.0,
i_shape,91,5,15,True,679,goal,,0.976471,0.0,0.0,0.0,680.0,,,,0.4004031276580462,0.9338220287620801,2.0513786036407344,3400,34298,41213,.,default,Full,agent_5_default/i_shape_seed_91_015,True,100.0,,,,,,,100.0,100.0,0.22890883684158325,0.0,0.0,0.0,,12.714365441035412,20.028050003020326,34.35139999783132,0.0,67.9,0.2,0.48405307769775374,0.9934580802917479,0.0,84a42cf8c4699554ee68ed2fc3da79787c0d38fa0301fd93cb6cd60077da7995,ok,680,0.10000000000000053,68.00000000000037,67.9,0,0.4680196480277707,0.32629377245903013,680,C:\Users\grape\OneDrive\Multi_Robot_System\maps\i_shape\map_015.png,5.0,1.0,0.17574,679.0,1.0,
i_shape,91,5,44,True,873,goal,,0.988558,0.0,0.0,0.0,874.0,,,,0.3981480876083153,1.00000115562148,2.000000014901161,4370,33947,41535,.,default,Full,agent_5_default/i_shape_seed_91_044,True,100.0,,,,,,,100.0,100.0,0.0010406970977783203,0.0,0.0,0.0,,13.1063360410987,21.5370200050529,35.64880001067649,0.0,87.30000000000001,0.2,0.5522710704803466,0.9980338096618651,0.0,e91d6269046fdf6522906fb0ab232b267cda9e32048199f0747ab8df38d69b31,ok,874,0.10000000000000009,87.40000000000008,87.30000000000001,0,0.42206147142624145,0.01530570089817048,874,C:\Users\grape\OneDrive\Multi_Robot_System\maps\i_shape\map_044.png,5.0,1.0,0.1693,873.0,1.0,
i_shape,91,5,68,True,569,goal,,0.970175,0.0,0.0,0.005263,570.0,,,,0.3619155802719249,1.0004420700625665,2.476180382145342,2850,33675,41694,.,default,Full,agent_5_default/i_shape_seed_91_068,True,99.4737,,,,,,,99.47368421052632,100.0,-0.0016095638275146484,0.3000000000000016,0.3000000000000016,0.0010053456922211046,0.0014678438504536946,12.372078771908203,20.930959994439036,41.52339999563992,0.0,,,,,-1.5789473678751165e-05,a2905b743c448bd7cde2e792b3175c24ac08c9978462d61a9781d0669c0f5dda,ok,570,0.10000000000000053,57.000000000000306,56.900000000000006,3,0.34301225412310216,0.00033475160598754914,570,,,,,,,goal_map_free_cell_count_mismatch
i_shape,91,5,84,True,615,goal,,0.952922,0.0,0.0,0.0,616.0,,,,0.39179030325267966,1.0006969150284344,1.9601501599743005,3080,35358,42528,.,default,Full,agent_5_default/i_shape_seed_91_084,True,100.0,,,,,,,100.0,100.0,0.25110867619514465,0.0,0.0,0.0,,12.761404707450676,21.872224995604483,44.21550000552088,0.0,,,,,0.0,6839a8a8384991a88371c927ec855c557fe1cb6fe2672c940c9c52d60efd1aab,ok,616,0.10000000000000053,61.60000000000033,61.5,0,0.5032041627284768,0.3722805380821228,616,,,,,,,goal_map_free_cell_count_mismatch
i_shape,91,5,89,True,779,goal,,0.957692,0.0,0.0,0.0,780.0,,,,0.43674825429454545,1.025598841379891,2.2714729597069803,3900,34399,42210,.,default,Full,agent_5_default/i_shape_seed_91_089,True,100.0,,,,,,,100.0,100.0,-0.0003402233123779297,0.0,0.0,0.0,,12.633052307687764,21.879495004395714,39.02959999686573,0.0,77.9,0.2,0.780699052810669,1.4845643520355227,0.0,3f720a5fb09a9f72cd5d0fdccdc7e87d756b4ec632218dbcd72b6342450330b7,ok,780,0.10000000000000053,78.00000000000041,77.9,0,0.2957054274586531,0.000511234998703003,780,C:\Users\grape\OneDrive\Multi_Robot_System\maps\i_shape\map_089.png,5.0,1.0,0.1558,779.0,1.0,
square,120,5,34,True,889,goal,,0.983146,0.0,0.0,0.150562,890.0,,,,0.32588054451452714,0.9498063731384875,2.81688639488513,4450,67737,80530,.,default,Full,agent_5_default/square_seed_120_034,True,84.9438,,,,,,,84.9438202247191,100.0,-0.16375231742858887,13.400000000000013,7.200000000000006,0.09652234630743528,0.03756601819351538,12.805109326609966,23.31558500300161,92.14069999870844,0.0,88.9,0.2,1.0148068872652884,2.3992958384565695,2.022471910834156e-05,57ffcfd66d18f6a9ce1906e7a06ae9fc7bad4ab0bad44f2dde7e777862a0ee69,ok,890,0.10000000000000009,89.00000000000009,88.9,134,0.19078983761621326,-0.03385746479034423,890,C:\Users\grape\OneDrive\Multi_Robot_System\maps\square\map_034.png,5.0,5.0,0.67788,889.0,1.0,
square,120,5,49,True,1921,goal,,0.978668,0.0,0.0,0.014048,1922.0,,,,0.3343464691796086,1.0000005648422825,2.8284271352829022,9610,52809,63573,.,default,Full,agent_5_default/square_seed_120_049,True,98.5952,,,,,,,98.59521331945889,100.0,-0.1942695379257202,2.6999999999999424,2.0999999999999552,0.1133835656096075,0.08319342577898944,12.446467377694614,23.145209993526787,37.37219999311492,0.0,192.1,0.2,0.5768110604822663,1.3127592780888213,1.3319458886940083e-05,30fbccb69df904d49af7c7c38932825b8424ca94748ded9c456011e495e4cf41,ok,1922,0.09999999999999787,192.1999999999959,192.1,27,0.2774653834960463,0.0004655420780181885,1922,C:\Users\grape\OneDrive\Multi_Robot_System\maps\square\map_049.png,5.0,5.0,0.745708,1921.0,1.0,
square,120,5,69,True,1372,goal,,0.973052,0.0,0.0,0.040058,1373.0,,,,0.3215124172341528,1.0025196106067178,2.343961539927569,6865,61916,69676,.,default,Full,agent_5_default/square_seed_120_069,True,95.99419999999999,,,,,,,95.99417334304444,100.0,-0.08045923709869383,5.4999999999999805,1.699999999999994,0.04879870234272499,0.018907146020369095,11.854794974257738,22.061479999683787,37.89519998827018,0.0,137.2,0.2,0.5933766117261009,1.1729300473910849,-2.6656955554926753e-05,a5c3dabd15fb1116492d2a38befd1a3f9fe53bc50cd2958c0bfd7767ac16dbec,ok,1373,0.09999999999999964,137.2999999999995,137.2,55,0.2371203906980641,-0.0007632136344909667,1373,C:\Users\grape\OneDrive\Multi_Robot_System\maps\square\map_069.png,5.0,5.0,0.721296,1372.0,1.0,
square,140,5,34,True,1133,goal,,0.96649,0.0,0.0,0.0,1134.0,,,,0.28901492138150897,0.9623292714150014,2.288865754545817,5670,69043,80530,.,default,Full,agent_5_default/square_seed_140_034,True,100.0,,,,,,,100.0,100.0,0.028656721115112305,0.0,0.0,0.0,,12.590173104059524,23.043220023100726,98.92829999444075,0.0,113.3,0.2,0.5535455417633061,0.8881329536437996,0.0,2d49c847e80421b1035f4b695e25a715ef752839509f105aeeedfde6a4513549,ok,1134,0.09999999999999964,113.3999999999996,113.3,0,0.41444349930189694,0.12095654308795928,1134,C:\Users\grape\OneDrive\Multi_Robot_System\maps\square\map_034.png,5.0,5.0,0.67788,1133.0,1.0,
square,140,5,49,True,1314,frozen,,0.901141,0.0,0.0,0.0,1315.0,,,,0.4375718331081497,1.026905659442836,2.558315838096071,6575,48874,63573,.,default,Full,agent_5_default/square_seed_140_049,True,100.0,,,,,,,100.0,100.0,-6.556510925292969e-06,0.0,0.0,0.0,,12.548733763808398,23.210420020041056,98.06399999069981,0.0,,,,,0.0,cdd07e823958eca198158604e8f68368c87a2670d301472463acdd402d0f4317,ok,1315,0.09999999999999964,131.49999999999955,131.4,0,0.3162940447548043,-6.556510925292969e-06,1315,C:\Users\grape\OneDrive\Multi_Robot_System\maps\square\map_049.png,5.0,5.0,0.745708,,,
square,140,5,69,True,1259,goal,,0.952381,0.0,0.0,0.0,1260.0,,,,0.35995178939219413,0.8701855568388389,2.019564801368672,6300,60364,69676,.,default,Full,agent_5_default/square_seed_140_069,True,100.0,,,,,,,100.0,100.0,0.11579251289367676,0.0,0.0,0.0,,12.221655793675584,22.092179994797334,97.78780001215635,0.0,125.9,0.2,0.2338110569736666,0.4704272528595138,0.0,a622ad527d7e6c6ee903bc8d1f03f5bae1655ff39d09074b3bb90f767d7664a0,ok,1260,0.09999999999999964,125.99999999999955,125.9,0,0.44983680156015216,0.24709153920412064,1260,C:\Users\grape\OneDrive\Multi_Robot_System\maps\square\map_069.png,5.0,5.0,0.721296,1259.0,1.0,
square,42,5,34,True,1558,goal,,0.97306,0.0,0.0,0.027582,1559.0,,,,0.3528968102972908,1.0034464920596315,2.306575629718079,7795,72428,80530,.,default,Full,agent_5_default/square_seed_42_034,True,97.2418,,,,,,,97.24182168056447,100.0,-0.03598982095718384,4.299999999999908,4.299999999999908,0.022186001435918312,0.017376526843669804,10.331159717846687,15.399269996851217,28.441200003726408,0.0,155.8,0.2,0.3478594198669137,0.7901762962341317,2.168056447260369e-05,f7d44275762f6fa7aa33aa625ace7d7771028d7cb93c59dd5d0d26091b18edc2,ok,1559,0.09999999999999787,155.89999999999668,155.8,43,0.39926723203955744,0.023179548978805555,1559,C:\Users\grape\OneDrive\Multi_Robot_System\maps\square\map_034.png,5.0,5.0,0.67788,1558.0,1.0,
square,42,5,49,True,1200,goal,,0.958368,0.0,0.001665,0.0,1201.0,,,,0.4079313894268779,1.0075736753855624,2.0136479247856363,6005,55789,63573,.,default,Full,agent_5_default/square_seed_42_049,True,100.0,,,,,,,100.0,99.83347210657784,0.1161922812461853,0.0,0.0,0.0,,10.722548209835846,17.89210000424646,28.641000011703,0.0,120.0,0.2,0.6529569113260815,0.9717507805863879,0.0,c9d497d4abb02c9130f6d50021ff4260b30ed4fc1504a8689c6e493942304a73,ok,1201,0.09999999999999964,120.09999999999957,120.0,0,0.4524663699655906,0.17942547798156738,1201,C:\Users\grape\OneDrive\Multi_Robot_System\maps\square\map_049.png,5.0,5.0,0.745708,1200.0,1.0,
square,42,5,69,True,1271,goal,,0.956761,0.0,0.007075,0.0,1272.0,,,,0.3395394689368892,0.9386165618634028,2.0857072030052524,6360,61157,69676,.,default,Full,agent_5_default/square_seed_42_069,True,100.0,,,,,,,100.0,99.29245283018868,0.007761120796203612,0.0,0.0,0.0,,12.086678301670158,21.632149999641115,89.28739999828393,0.0,127.1,0.2,0.275731884169621,0.7687991627456875,0.0,d2a0e45c8e8e30c39ce66e52f3a01280be9da54beb79c833e127e93edf64aae7,ok,1272,0.09999999999999964,127.19999999999955,127.1,0,0.436874916718441,0.18715109676122668,1272,C:\Users\grape\OneDrive\Multi_Robot_System\maps\square\map_069.png,5.0,5.0,0.721296,1271.0,1.0,
square,64,5,34,True,1223,goal,,0.994281,0.0,0.0,0.043301,1224.0,,,,0.2852570159351191,1.0000003397922854,2.5135866892265026,6120,68722,80530,.,default,Full,agent_5_default/square_seed_64_034,True,95.6699,,,,,,,95.66993464052288,100.0,-0.15707778930664062,5.299999999999981,2.9999999999999893,0.09279213107343232,0.04958082257576708,16.486833741890496,23.714090005523754,34.515499995904975,0.0,122.3,0.2,0.24351512908935594,0.5709794998168953,3.4640522883933045e-05,8cf73b9d7a7be34e44a31b3dbfec260bbe8a9222d35158a4b3ffab097b7bb2ca,ok,1224,0.09999999999999964,122.39999999999957,122.3,53,0.3600779381501519,0.005320397019386294,1224,C:\Users\grape\OneDrive\Multi_Robot_System\maps\square\map_034.png,5.0,5.0,0.67788,1223.0,1.0,
square,64,5,49,True,1898,goal,,0.965771,0.0,0.0,0.027909,1899.0,,,,0.46937686404330886,1.048450080444962,2.5661095620056957,9495,54596,63573,.,default,Full,agent_5_default/square_seed_64_049,True,97.2091,,,,,,,97.20905739863086,100.0,-0.13848888874053955,5.299999999999887,2.999999999999936,0.08232017359943644,0.03502807414756631,17.19166587687642,25.20292000408517,106.66850001143756,0.0526592943654555,189.8,0.2,0.8086161957095538,1.4634521829767266,-4.260136914524537e-05,df6d61c860fc39713c7a5ad4d4774fccc4b26cdec8519ea40be4fc7aaf06f429,ok,1899,0.09999999999999787,189.89999999999594,189.8,53,0.3974666829451942,0.047685110569000266,1899,C:\Users\grape\OneDrive\Multi_Robot_System\maps\square\map_049.png,5.0,5.0,0.745708,1898.0,1.0,
square,64,5,69,True,1110,goal,,0.983798,0.0,0.0,0.037804,1111.0,,,,0.32185396145164563,0.9537334354231836,2.743128214105586,5555,51963,69676,.,default,Full,agent_5_default/square_seed_64_069,True,96.2196,,,,,,,96.21962196219623,100.0,-0.23728859424591064,4.199999999999985,2.9999999999999893,0.13663685291894778,0.12878083331244333,16.77781062131351,24.710500001674518,43.38979999010917,0.0,111.0,0.2,0.3911565622638541,0.904292448535207,2.196219622874196e-05,cf283f61fcb11a9bcc264fa8975bc8b060e18ef06f1a1e83f2d86999fc784e6d,ok,1111,0.09999999999999964,111.09999999999961,111.0,42,0.3169524764338664,0.00623852014541626,1111,C:\Users\grape\OneDrive\Multi_Robot_System\maps\square\map_069.png,5.0,5.0,0.721296,1110.0,1.0,
square,91,5,34,True,1397,goal,,0.980687,0.0,0.0,0.013591,1398.0,,,,0.31213790826134596,0.9904216668293093,2.2102997613323914,6990,68746,80530,.,default,Full,agent_5_default/square_seed_91_034,True,98.6409,,,,,,,98.64091559370529,100.0,-0.1269742250442505,1.8999999999999932,0.9999999999999964,0.07577064637052688,0.06570119293112504,12.62583090124183,20.710959999269107,99.75669998675583,0.0,139.7,0.2,0.8898462963104251,2.0954433917999276,1.5593705285255055e-05,4518eee20fac9cc3c1f4b4faa3651f7157bbb51cad6481b235038d43fa234d99,ok,1398,0.09999999999999964,139.7999999999995,139.7,19,0.26437271639001214,0.0004876196384429932,1398,C:\Users\grape\OneDrive\Multi_Robot_System\maps\square\map_034.png,5.0,5.0,0.67788,1397.0,1.0,
square,91,5,49,True,2083,goal,,0.955854,0.0,0.014395,0.027831,2084.0,,,,0.39524979117048514,1.0279900085848777,2.6522765931921253,10420,54897,63573,.,default,Full,agent_5_default/square_seed_91_049,True,97.2169,,,,,,,97.2168905950096,98.56046065259117,-0.010493099689483643,5.79999999999967,2.499999999999858,0.006531524299877356,0.0039523716630606815,12.933406909835723,22.474475002672982,44.142099999589846,0.0,208.3,0.2,0.7016335773468019,1.0874482154846192,-9.404990393591106e-06,ff9eba30be80a8dbc2ab2a6a08c183b665574041b73b49964f511a0f4c9691e8,ok,2084,0.09999999999999432,208.39999999998815,208.3,58,0.305098146171579,0.0005147546529769898,2084,C:\Users\grape\OneDrive\Multi_Robot_System\maps\square\map_049.png,5.0,5.0,0.745708,2083.0,1.0,
square,91,5,69,True,1180,goal,,0.976291,0.0,0.0,0.112616,1181.0,,,,0.3453431492023008,1.041332175872944,2.221221092470782,5905,55900,69676,.,default,Full,agent_5_default/square_seed_91_069,True,88.7384,,,,,,,88.73835732430145,100.0,-0.3961323499679565,13.299999999999953,13.299999999999953,0.21790586498357323,0.0765848796170457,12.81192193072365,21.09369999379851,88.04390000295825,0.0,118.0,0.2,0.7704690243525663,1.2409214019775394,-4.267569855187503e-05,02d136b098f91ae2bc3b288c787a6a86829fe21fdbfaa96b45241ea769f6c6f8,ok,1181,0.09999999999999964,118.09999999999958,118.0,133,0.4321981194310023,-0.004173457622528076,1181,C:\Users\grape\OneDrive\Multi_Robot_System\maps\square\map_069.png,5.0,5.0,0.721296,1180.0,1.0,
custom,120,5,1,True,469,goal,,1.0,0.0,0.068085,0.0,470.0,,,,0.26793039894193865,0.7842169579467784,1.022261581637905,2350,28843,35940,.,safe_ablation,w/o ICA,agent_5_safe_ablation/custom_seed_120_001,True,100.0,,,,,,,100.0,93.19148936170212,0.33185672760009766,0.0,0.0,0.0,,11.764982979041227,19.71742999303387,29.89849998266436,0.0,46.900000000000006,0.2,0.5583055992126463,1.1409034156799316,0.0,8e210fb866b59dc199343ea259d7a7406ddbbdfd6ef1ea6cc2a4da34c520b351,ok,470,0.10000000000000009,47.00000000000004,46.900000000000006,0,0.48030116310779086,0.3404376909136772,470,C:\Users\grape\OneDrive\Multi_Robot_System\maps\custom\map_001.png,5.0,1.0,0.2812,469.0,1.0,
custom,120,5,2,True,3074,obstacle_collision,,0.994797,0.000976,0.135935,0.165528,3075.0,,,,0.36160704473678695,1.0003998821224114,2.828427451384285,15375,110061,189167,.,safe_ablation,w/o ICA,agent_5_safe_ablation/custom_seed_120_002,True,83.4472,,,,,,,83.44715447154472,86.30894308943088,-1.2154608964920044,50.89999999999711,16.69999999999905,0.5621530371041297,0.19958178046175915,11.823427446974001,20.182159999967553,38.84329998982138,0.0,,,,,-4.552845527427962e-05,3a3612b47448e0f76de4adab37039504e60b0530b35514ef39e1c29e4e4dafb8,ok,3075,0.09999999999999432,307.4999999999825,307.40000000000003,509,0.17761741377473847,-0.2614660024642943,3075,C:\Users\grape\OneDrive\Multi_Robot_System\maps\custom\map_002.png,5.0,5.0,0.243332,,,
custom,120,5,3,True,241,robot_collision,,1.0,0.0,0.057851,0.0,242.0,,,,0.30392554627319207,0.9637532516756894,1.1585412787976872,1210,15370,109925,.,safe_ablation,w/o ICA,agent_5_safe_ablation/custom_seed_120_003,True,100.0,,,,,,,100.0,94.21487603305785,0.4183928966522217,0.0,0.0,0.0,,11.63278719119743,19.571080003515817,28.868600027635694,0.0,,,,,0.0,d1e84b640b2542096cd5f95eabd67cc36da1c53fe2cc3f8ef5025943ca8b9cb7,ok,242,0.09999999999999964,24.199999999999914,24.1,0,0.5562574792006785,0.46198220700025566,242,C:\Users\grape\OneDrive\Multi_Robot_System\maps\custom\map_003.png,5.0,5.0,0.5603,,,
custom,140,5,1,True,462,goal,,1.0,0.0,0.079914,0.0,463.0,,,,0.2211493916343931,0.8008906086744916,0.9907737446987142,2315,28901,35940,.,safe_ablation,w/o ICA,agent_5_safe_ablation/custom_seed_140_001,True,100.0,,,,,,,100.0,92.0086393088553,0.3373191058635712,0.0,0.0,0.0,,10.200356156728683,16.37149000016506,25.95490001840517,0.0,46.2,0.2,0.4607670803070068,1.031660976409912,0.0,323d9a6712e7efced0083be70c590ebcfd8a30a4925a0db26dbd976ab6bb8aff,ok,463,0.10000000000000009,46.30000000000004,46.2,0,0.4864455296720336,0.3841992616653443,463,C:\Users\grape\OneDrive\Multi_Robot_System\maps\custom\map_001.png,5.0,1.0,0.2812,462.0,1.0,
custom,140,5,2,True,3214,robot_collision,,0.999689,0.0,0.066563,0.036081,3215.0,,,,0.3351723582765244,1.0000016476690377,1.99000594615937,16075,116553,189167,.,safe_ablation,w/o ICA,agent_5_safe_ablation/custom_seed_140_002,True,96.39189999999999,,,,,,,96.39191290824262,93.34370139968897,-0.007955729961395262,11.59999999999934,2.9999999999998295,0.004956973981463997,0.002985490293338381,12.129881212943701,20.141290014726092,94.90460000233725,0.0,,,,,1.2908242624121158e-05,8abe0aa78ce17a5cfc4f41a5e34fc291b526a37a277071b4f9b9727803b71643,ok,3215,0.09999999999999432,321.4999999999817,321.40000000000003,116,0.21352305792353202,-0.0005286276340484617,3215,C:\Users\grape\OneDrive\Multi_Robot_System\maps\custom\map_002.png,5.0,5.0,0.243332,,,
custom,140,5,3,True,1749,robot_collision,,1.0,0.0,0.098857,0.006857,1750.0,,,,0.3622122644683653,0.9611749283650772,1.5879654484751293,8750,51267,109925,.,safe_ablation,w/o ICA,agent_5_safe_ablation/custom_seed_140_003,True,99.3143,,,,,,,99.31428571428572,90.11428571428571,-0.05695033073425293,1.1999999999999744,1.1999999999999744,0.034835511184241,0.04114378492037455,13.06720377163895,20.40361999097513,90.3497000108473,0.0,,,,,-1.4285714286188522e-05,dd97e365035a9a0f5547cf20d47488248f46f0c27b93cadb352653d06101968b,ok,1750,0.09999999999999787,174.99999999999628,174.9,12,0.381324513895171,0.02227458357810974,1750,C:\Users\grape\OneDrive\Multi_Robot_System\maps\custom\map_003.png,5.0,5.0,0.5603,,,
custom,42,5,1,True,499,goal,,1.0,0.0,0.0,0.0,500.0,,,,0.2717594352697684,0.746561355905432,1.6034955339892984,2500,27911,35940,.,safe_ablation,w/o ICA,agent_5_safe_ablation/custom_seed_42_001,True,100.0,,,,,,,100.0,100.0,0.000502467155456543,0.0,0.0,0.0,,10.98481999989599,18.38995497819268,24.334299989277497,0.0,49.900000000000006,0.2,0.8240806598663329,1.2057146453857421,0.0,a8d6cd0cb8c2500f87d47857fe47b5b2c34734da79c33f9e02480d532095f09b,ok,500,0.10000000000000053,50.00000000000027,49.900000000000006,0,0.3172852019071579,0.006744500994682312,500,C:\Users\grape\OneDrive\Multi_Robot_System\maps\custom\map_001.png,5.0,1.0,0.2812,499.0,1.0,
custom,42,5,2,True,2068,robot_collision,,1.0,0.0,0.104398,0.100048,2069.0,,,,0.3624816153222146,1.0000011875955583,2.8284271352829022,10345,81925,189167,.,safe_ablation,w/o ICA,agent_5_safe_ablation/custom_seed_42_002,True,89.9952,,,,,,,89.99516674722088,89.56017399710005,-0.6704349517822266,20.699999999998823,6.099999999999653,0.34474230802492256,0.09774339746161935,12.020393571769233,20.37053998792544,51.88670000643469,0.0,,,,,-3.325277911869762e-05,2e8b6cc5e20a0e04927ba5d5b6990e4dc8955ccd7e1489f446e0c373d7a2cb94,ok,2069,0.09999999999999432,206.89999999998824,206.8,207,0.20641711643780414,-0.018363535404205322,2069,C:\Users\grape\OneDrive\Multi_Robot_System\maps\custom\map_002.png,5.0,5.0,0.243332,,,
custom,42,5,3,True,204,robot_collision,,1.0,0.0,0.034146,0.0,205.0,,,,0.2910199991731114,0.7261523061073168,1.0479410030720764,1025,13420,109925,.,safe_ablation,w/o ICA,agent_5_safe_ablation/custom_seed_42_003,True,100.0,,,,,,,100.0,96.58536585365853,0.42602026462554926,0.0,0.0,0.0,,11.421458536571619,18.519500008551397,27.549899998120964,0.0,,,,,0.0,6c4b9701268c18352faf5873d875cafb4b56f46779fe7cb81499abc449a0dd6b,ok,205,0.09999999999999964,20.49999999999993,20.4,0,0.5158833353984646,0.4332932591438293,205,C:\Users\grape\OneDrive\Multi_Robot_System\maps\custom\map_003.png,5.0,5.0,0.5603,,,
custom,64,5,1,True,572,goal,,0.998255,0.0,0.0,0.0,573.0,,,,0.28691555353152504,0.8101944239870381,1.9900059461593629,2865,29172,35940,.,safe_ablation,w/o ICA,agent_5_safe_ablation/custom_seed_64_001,True,100.0,,,,,,,100.0,100.0,0.3112744092941284,0.0,0.0,0.0,,12.295837346895112,20.46700000646524,83.15350001794286,0.0,57.2,0.2,0.23064031791687017,0.705981912612915,0.0,814524a84b55c9273120711d11306bbd9a93fabbbedd6f502cfdc76493711aa3,ok,573,0.10000000000000053,57.3000000000003,57.2,0,0.5413575057479931,0.44910425543785093,573,C:\Users\grape\OneDrive\Multi_Robot_System\maps\custom\map_001.png,5.0,1.0,0.2812,572.0,1.0,
custom,64,5,2,True,4886,robot_collision,,1.0,0.0,0.03806,0.063638,4887.0,,,,0.3641373672279816,0.9533236003286152,2.8284270299157823,24435,108748,189167,.,safe_ablation,w/o ICA,agent_5_safe_ablation/custom_seed_64_002,True,93.6362,,,,,,,93.63617761407816,96.19398403928791,-0.4430387020111084,31.099999999999337,10.599999999999774,0.24069145379939982,0.062124853540463466,12.399286761045838,21.091220004018393,93.07679999619721,0.0,,,,,-2.238592183800847e-05,c22d4818661a0f38df6f2e4568eff6294a2634d5ba4e52f7cbfa4ffe4d0f11e6,ok,4887,0.09999999999999787,488.6999999999896,488.6,311,0.2186630509286076,-0.0017478048801422119,4887,C:\Users\grape\OneDrive\Multi_Robot_System\maps\custom\map_002.png,5.0,5.0,0.243332,,,
custom,64,5,3,True,2909,robot_collision,,0.999313,0.0,0.05567,0.050859,2910.0,,,,0.36870457059620004,0.9383395858951381,2.5861373119705964,14550,90517,109925,.,safe_ablation,w/o ICA,agent_5_safe_ablation/custom_seed_64_003,True,94.9141,,,,,,,94.91408934707903,94.43298969072164,-0.03913885354995728,14.799999999999159,4.299999999999756,0.024098812976913186,0.009955918466722643,13.108368384657041,21.240134999970905,97.84130001207811,0.0,,,,,-1.0652920977349822e-05,5ea4f1be8c006d1797b70bb7a84bb98827935908ec996020332823b77b1134df,ok,2910,0.09999999999999432,290.99999999998346,290.90000000000003,148,0.17366836336265315,-0.0010791450738906851,2910,C:\Users\grape\OneDrive\Multi_Robot_System\maps\custom\map_003.png,5.0,5.0,0.5603,,,
custom,91,5,1,True,474,goal,,1.0,0.0,0.0,0.0,475.0,,,,0.21114292800495424,0.7618552484020991,0.9202257465700069,2375,27618,35940,.,safe_ablation,w/o ICA,agent_5_safe_ablation/custom_seed_91_001,True,100.0,,,,,,,100.0,100.0,0.2434561252593994,0.0,0.0,0.0,,10.780094315506224,17.23531000316143,31.04869998060167,0.0,47.400000000000006,0.2,0.72653875541687,1.3251659297943115,0.0,fadae2480ed41a2f4157db9c6465344ceba9930ba1de3073d22425dbfc1d4c61,ok,475,0.10000000000000009,47.50000000000004,47.400000000000006,0,0.4543059618222086,0.27121957540512087,475,C:\Users\grape\OneDrive\Multi_Robot_System\maps\custom\map_001.png,5.0,1.0,0.2812,474.0,1.0,
custom,91,5,2,True,1039,robot_collision,,0.998077,0.0,0.089423,0.002885,1040.0,,,,0.24343558991623301,0.8260348922875286,1.99000594615937,5200,54109,189167,.,safe_ablation,w/o ICA,agent_5_safe_ablation/custom_seed_91_002,True,99.7115,,,,,,,99.71153846153847,91.0576923076923,-0.0019313693046569824,0.29999999999999993,0.29999999999999993,0.0012061964966677552,0.0014484524726867676,10.575480384823795,18.108205005410127,44.55419999430888,0.0,,,,,3.846153846609468e-05,7e8783c70e189c4d3cf20ea28a62b6aa6d2a6ca3572d6fb882a238cb251115fe,ok,1040,0.09999999999999998,103.99999999999997,103.9,3,0.42967987665190144,0.13385647535324097,1040,C:\Users\grape\OneDrive\Multi_Robot_System\maps\custom\map_002.png,5.0,5.0,0.243332,,,
custom,91,5,3,True,906,robot_collision,,1.0,0.0,0.083793,0.0,907.0,,,,0.2796800468737972,0.8356410737526803,1.172725756458966,4535,33166,109925,.,safe_ablation,w/o ICA,agent_5_safe_ablation/custom_seed_91_003,True,100.0,,,,,,,100.0,91.6207276736494,-0.00021219253540039065,0.0,0.0,0.0,,10.842000330732098,17.874390014912933,86.45100001012905,0.0,,,,,0.0,38d63ba1c0e1f1792c3f5803385ffe1aa1b5c68040a3a62a814541fd5bd93ba3,ok,907,0.10000000000000009,90.70000000000007,90.6,0,0.3334475339379043,0.00020409822463989257,907,C:\Users\grape\OneDrive\Multi_Robot_System\maps\custom\map_003.png,5.0,5.0,0.5603,,,
i_shape,120,5,3,True,835,goal,,1.0,0.0,0.0,0.0,836.0,,,,0.40723498748806103,1.000000490183309,1.411394667609999,4180,35439,41483,.,safe_ablation,w/o ICA,agent_5_safe_ablation/i_shape_seed_120_003,True,100.0,,,,,,,100.0,100.0,6.973743438720703e-05,0.0,0.0,0.0,,10.94974641058467,19.9443750170758,48.58120001154021,0.0,83.5,0.2,0.5678547763824463,1.5599401473999022,0.0,8ae6dc3b6bcc54117483179b369684aec66c848788f1b515d642dd55cfe05fe7,ok,836,0.10000000000000009,83.60000000000008,83.5,0,0.2817186761344449,0.00047998130321502686,836,C:\Users\grape\OneDrive\Multi_Robot_System\maps\i_shape\map_003.png,5.0,1.0,0.17034,835.0,1.0,
i_shape,120,5,15,True,640,goal,,1.0,0.0,0.0,0.070203,641.0,,,,0.37060683028167035,0.9692420230370389,1.9502119652067182,3205,33645,41213,.,safe_ablation,w/o ICA,agent_5_safe_ablation/i_shape_seed_120_015,True,92.9797,,,,,,,92.97971918876755,100.0,-0.014178395271301268,4.500000000000024,3.7000000000000197,0.008812954440828302,0.007954128583272298,11.219417783891195,20.14759997837245,30.17469999031164,0.0,64.0,0.2,0.5397583389282226,1.460701036453247,1.9188767552691388e-05,b44caeadaf53a3e03beac84094bed1a3e24e305d9db42ccf9705b96e5476b886,ok,641,0.10000000000000053,64.10000000000034,64.0,45,0.3561807691400025,-0.0041975975036621085,641,C:\Users\grape\OneDrive\Multi_Robot_System\maps\i_shape\map_015.png,5.0,1.0,0.17574,640.0,1.0,
i_shape,120,5,44,True,753,goal,,1.0,0.0,0.157825,0.0,754.0,,,,0.4121443154373915,0.9307002614241445,1.3278417850566426,3770,32731,41535,.,safe_ablation,w/o ICA,agent_5_safe_ablation/i_shape_seed_120_044,True,100.0,,,,,,,100.0,84.21750663129973,0.3714279234409332,0.0,0.0,0.0,,11.707125464068302,22.176934995513875,84.50640001683496,0.0,75.29999999999998,0.2,0.5411398315429689,0.871450471878052,0.0,2a2ed1a40acc17358f445af8d9bb1b18f17f7952b853b9de9dd74ed03fa9ee61,ok,754,0.10000000000000053,75.4000000000004,75.29999999999998,0,0.5283983319760633,0.39880357980728154,754,C:\Users\grape\OneDrive\Multi_Robot_System\maps\i_shape\map_044.png,5.0,1.0,0.1693,753.0,1.0,
i_shape,120,5,68,True,564,goal,,1.0,0.0,0.00885,0.0,565.0,,,,0.32856616881190165,0.8409780946053222,1.1270364289305879,2825,34120,41694,.,safe_ablation,w/o ICA,agent_5_safe_ablation/i_shape_seed_120_068,True,100.0,,,,,,,100.0,99.11504424778761,0.09504812955856323,0.0,0.0,0.0,,11.690932566576134,22.14804000686854,32.008000009227544,0.0,,,,,0.0,7e5f5887308192ed32fa8a258b9f044829c08ad511b92b66b952d9348c12c2f7,ok,565,0.10000000000000053,56.5000000000003,56.400000000000006,0,0.4478243439598421,0.14124412536621095,565,,,,,,,goal_map_free_cell_count_mismatch
i_shape,120,5,84,True,601,goal,,1.0,0.0,0.094684,0.0,602.0,,,,0.4211683382297837,1.000041572907133,1.2585953383088828,3010,35060,42528,.,safe_ablation,w/o ICA,agent_5_safe_ablation/i_shape_seed_120_084,True,100.0,,,,,,,100.0,90.53156146179401,0.0239558219909668,0.0,0.0,0.0,,11.270043355365596,20.476009984849952,33.219899982213974,0.0,,,,,0.0,d1495a2a05771e4c651d730c360fe3047e1b06d3e7b1819e853406ad0fc8e638,ok,602,0.10000000000000053,60.20000000000032,60.1,0,0.5107179774200401,0.2762980148196221,602,,,,,,,goal_map_free_cell_count_mismatch
i_shape,120,5,89,True,99,robot_collision,,1.0,0.0,0.13,0.0,100.0,,,,0.1227558866837263,0.6912215453628711,0.8738123090484484,500,9987,42210,.,safe_ablation,w/o ICA,agent_5_safe_ablation/i_shape_seed_120_089,True,100.0,,,,,,,100.0,87.0,0.4963789284229279,0.0,0.0,0.0,,12.525814999244176,18.581135009299032,192.69169998005964,1.0,,,,,0.0,fbc4a1f0d9cb48736d344e9b93028bb0ba5db054c149a79d7d0effdab2b5a553,ok,100,0.09999999999999987,9.999999999999986,9.9,0,0.5717380931973457,0.5293445736169815,100,C:\Users\grape\OneDrive\Multi_Robot_System\maps\i_shape\map_089.png,5.0,1.0,0.1558,,,
i_shape,140,5,3,True,768,goal,,0.9987,0.0,0.075423,0.0,769.0,,,,0.3840001103797289,0.9764662625274803,1.9900109473615957,3845,33241,41483,.,safe_ablation,w/o ICA,agent_5_safe_ablation/i_shape_seed_140_003,True,100.0,,,,,,,100.0,92.45773732119635,0.11983406543731688,0.0,0.0,0.0,,11.129154615679159,19.997839996358355,84.97729999362491,0.0,76.80000000000001,0.2,0.3795378112792968,0.7014909267425535,0.0,082a9b3f80520a6305c2d30807c2b6cea7f7f8bc32a5c294f99667e9ad6eb234,ok,769,0.10000000000000053,76.9000000000004,76.80000000000001,0,0.500129774503497,0.28219262361526487,769,C:\Users\grape\OneDrive\Multi_Robot_System\maps\i_shape\map_003.png,5.0,1.0,0.17034,768.0,1.0,
i_shape,140,5,15,True,581,goal,,0.998282,0.0,0.030928,0.0,582.0,,,,0.312133191374482,0.8525594159412974,1.9900109473615957,2910,33186,41213,.,safe_ablation,w/o ICA,agent_5_safe_ablation/i_shape_seed_140_015,True,100.0,,,,,,,100.0,96.90721649484536,0.00298386812210083,0.0,0.0,0.0,,11.780056529466377,21.844359982060254,36.273300007451326,0.0,58.1,0.2,0.5236659908294674,1.3512354373931883,0.0,c1441ab67dba83398ad756b356e83668b94cc1ee48aee3ee8fde4523c498ed80,ok,582,0.10000000000000053,58.20000000000031,58.1,0,0.36748752489532394,0.013281983137130736,582,C:\Users\grape\OneDrive\Multi_Robot_System\maps\i_shape\map_015.png,5.0,1.0,0.17574,581.0,1.0,
i_shape,140,5,44,True,137,robot_collision,,0.992754,0.0,0.333333,0.0,138.0,,,,0.24290975520337255,0.9310289353951964,1.9900109473615957,690,14041,41535,.,safe_ablation,w/o ICA,agent_5_safe_ablation/i_shape_seed_140_044,True,100.0,,,,,,,100.0,66.66666666666667,0.4609194099903106,0.0,0.0,0.0,,11.942128985116353,22.68573999026557,28.088999999454245,0.0,,,,,0.0,9a16a9c4870de29690b13b0abbb1b2b2e1695835b981bf38071c925ac775e767,ok,138,0.09999999999999964,13.799999999999951,13.7,0,0.5404696293931076,0.46415084004402163,138,C:\Users\grape\OneDrive\Multi_Robot_System\maps\i_shape\map_044.png,5.0,1.0,0.1693,,,
i_shape,140,5,68,True,649,goal,,0.998462,0.0,0.224615,0.0,650.0,,,,0.3913863809564963,1.0000069493192718,1.9900109473615957,3250,33998,41694,.,safe_ablation,w/o ICA,agent_5_safe_ablation/i_shape_seed_140_068,True,100.0,,,,,,,100.0,77.53846153846153,0.00040316581726074213,0.0,0.0,0.0,,11.785435384596125,21.827190002659336,33.852399996249005,0.0,,,,,0.0,0f66d9e5513bfde418771c9d25f4c2a066002306c3d478d16b6e164b01203237,ok,650,0.10000000000000053,65.00000000000034,64.9,0,0.3377150854697594,0.0019306480884552,650,,,,,,,goal_map_free_cell_count_mismatch
i_shape,140,5,84,True,581,goal,,0.998282,0.0,0.135739,0.0,582.0,,,,0.3222630004769827,0.8329103645706902,1.9900109473615957,2910,35887,42528,.,safe_ablation,w/o ICA,agent_5_safe_ablation/i_shape_seed_140_084,True,100.0,,,,,,,100.0,86.42611683848797,0.3349973857402801,0.0,0.0,0.0,,11.71537147729083,20.90819500735961,32.037799974204965,0.0,,,,,0.0,04214f4f9086e26c42b3abfbee857de10cafd0961056d679dc590806e4e9e3ca,ok,582,0.10000000000000053,58.20000000000031,58.1,0,0.5447912371342944,0.45727985352277756,582,,,,,,,goal_map_free_cell_count_mismatch
i_shape,140,5,89,True,575,goal,,0.998264,0.0,0.008681,0.0,576.0,,,,0.34468620731669714,0.9427220764163479,1.9900109473615957,2880,33719,42210,.,safe_ablation,w/o ICA,agent_5_safe_ablation/i_shape_seed_140_089,True,100.0,,,,,,,100.0,99.13194444444444,0.03000223636627197,0.0,0.0,0.0,,11.715227430664122,21.46325001376681,35.17449999344535,0.0,57.5,0.2,0.7390608692169188,1.445780324935913,0.0,bdfe96b2b12f8a608ba688257a56e9f4df653758ccfcccfa644bbd5af44145a9,ok,576,0.10000000000000053,57.60000000000031,57.5,0,0.4888104102574289,0.2493060827255249,576,C:\Users\grape\OneDrive\Multi_Robot_System\maps\i_shape\map_089.png,5.0,1.0,0.1558,575.0,1.0,
i_shape,42,5,3,True,910,goal,,0.997805,0.0,0.063666,0.006586,911.0,,,,0.411135644197908,1.0001810329093925,1.9900059461593629,4555,33223,41483,.,safe_ablation,w/o ICA,agent_5_safe_ablation/i_shape_seed_42_003,True,99.34140000000001,,,,,,,99.34138309549945,93.63336992316135,-0.0027507543563842773,0.6000000000000005,0.6000000000000005,0.0017173781055168647,0.0021803279717763266,11.088173546134183,19.371000002138317,86.36440002010205,0.0,91.0,0.2,0.6437282466888429,1.15080361366272,-1.6904500554915103e-05,5093cdbdf4814cdcacea219bc6dd79ee6988d727a7fb8fcefd45a4b297787665,ok,911,0.10000000000000009,91.10000000000008,91.0,6,0.2786281729110902,0.00013020634651184082,911,C:\Users\grape\OneDrive\Multi_Robot_System\maps\i_shape\map_003.png,5.0,1.0,0.17034,910.0,1.0,
i_shape,42,5,15,True,665,goal,,0.998498,0.0,0.009009,0.0,666.0,,,,0.39559169865416677,0.8982649110887675,1.9900059461593629,3330,32922,41213,.,safe_ablation,w/o ICA,agent_5_safe_ablation/i_shape_seed_42_015,True,100.0,,,,,,,100.0,99.09909909909909,0.23967200517654416,0.0,0.0,0.0,,11.509520269805558,21.3103249843698,79.37900000251828,0.0,66.5,0.2,0.30223888397216775,0.8276863574981688,0.0,811b7257ef6f8e5bb32b5be145130c328f80201019410f1b47cef17e1eeefc6d,ok,666,0.10000000000000053,66.60000000000035,66.5,0,0.46317396682124956,0.2552873194217682,666,C:\Users\grape\OneDrive\Multi_Robot_System\maps\i_shape\map_015.png,5.0,1.0,0.17574,665.0,1.0,
i_shape,42,5,44,True,721,goal,,0.998615,0.0,0.271468,0.01108,722.0,,,,0.36846236174762353,0.9569903313229281,1.9900059461593629,3610,33338,41535,.,safe_ablation,w/o ICA,agent_5_safe_ablation/i_shape_seed_42_044,True,98.892,,,,,,,98.89196675900277,72.85318559556787,-0.010046780109405516,0.8000000000000043,0.8000000000000043,0.006254786100154286,0.005593113601207733,11.500148891709639,21.426635001262184,33.480499987490475,0.0,72.1,0.2,0.6131104373931883,0.8585372447967528,-3.32409972259029e-05,0c9478f7dfc1c751b18d67c4cd983e2316a142a0adbbf8ec50fbe9325b913ea5,ok,722,0.10000000000000053,72.20000000000039,72.1,8,0.3260062969705074,0.016795992851257328,722,C:\Users\grape\OneDrive\Multi_Robot_System\maps\i_shape\map_044.png,5.0,1.0,0.1693,721.0,1.0,
i_shape,42,5,68,True,657,goal,,0.99848,0.0,0.021277,0.0,658.0,,,,0.3909549131513555,1.0000012470002282,1.9900059461593629,3290,34640,41694,.,safe_ablation,w/o ICA,agent_5_safe_ablation/i_shape_seed_42_068,True,100.0,,,,,,,100.0,97.87234042553192,0.04848438501358032,0.0,0.0,0.0,,11.344369452487037,21.896605013171207,34.44409999065101,0.0,,,,,0.0,bc95c2197150639481052f3ed43de759e5ef808efbe29b80b6a9b06805f8b3de,ok,658,0.10000000000000053,65.80000000000035,65.7,0,0.4061323716375965,0.11670882105827331,658,,,,,,,goal_map_free_cell_count_mismatch
i_shape,42,5,84,True,578,goal,,0.998273,0.0,0.027634,0.0,579.0,,,,0.3142316543132908,0.8336760291976291,1.9900059461593629,2895,35820,42528,.,safe_ablation,w/o ICA,agent_5_safe_ablation/i_shape_seed_42_084,True,100.0,,,,,,,100.0,97.23661485319516,0.2313233315944672,0.0,0.0,0.0,,11.136322279892209,20.004310007789176,34.69369999947958,0.0,,,,,0.0,ca71a66e5ee92f0ec1b559b3b133117188d588b54451e69e42f69374f0df88d7,ok,579,0.10000000000000053,57.90000000000031,57.8,0,0.5121358064789846,0.4076201528310776,579,,,,,,,goal_map_free_cell_count_mismatch
i_shape,42,5,89,True,54,robot_collision,,0.981818,0.0,0.072727,0.0,55.0,,,,0.06472818886269636,0.34444971185336165,1.9900059461593629,275,9538,42210,.,safe_ablation,w/o ICA,agent_5_safe_ablation/i_shape_seed_42_089,True,100.0,,,,,,,100.0,92.72727272727272,0.3706833124160767,0.0,0.0,0.0,,9.35087818229063,12.50135999289341,26.04640001663938,0.0,,,,,0.0,ea13f0742b9363ddbd566ef61595c9f3e2ec4bf2926f652330a5219a720c15d4,ok,55,0.10000000000000002,5.500000000000001,5.4,0,0.5052876770496368,0.38046582639217374,55,C:\Users\grape\OneDrive\Multi_Robot_System\maps\i_shape\map_089.png,5.0,1.0,0.1558,,,
i_shape,64,5,3,True,915,goal,,0.998908,0.0,0.138646,0.0,916.0,,,,0.41628651821095525,1.0000769149266464,1.9900059461593629,4580,34151,41483,.,safe_ablation,w/o ICA,agent_5_safe_ablation/i_shape_seed_64_003,True,100.0,,,,,,,100.0,86.1353711790393,0.018395245075225834,0.0,0.0,0.0,,10.855339629439369,19.30512499529868,46.73199998796917,0.0,91.5,0.2,0.22558568954467767,0.4827840805053709,0.0,bfe7ddac0337dc1ff951699c8f33232222370481c9292fb9e810e3f944319a2f,ok,916,0.10000000000000009,91.60000000000008,91.5,0,0.44458001634049105,0.24167345464229587,916,C:\Users\grape\OneDrive\Multi_Robot_System\maps\i_shape\map_003.png,5.0,1.0,0.17034,915.0,1.0,
i_shape,64,5,15,True,588,goal,,0.998302,0.0,0.0,0.0,589.0,,,,0.3807081674897476,0.8855613716083618,1.9900059461593629,2945,34721,41213,.,safe_ablation,w/o ICA,agent_5_safe_ablation/i_shape_seed_64_015,True,100.0,,,,,,,100.0,100.0,0.019358098506927487,0.0,0.0,0.0,,11.257700509372356,20.737459987867627,30.09849999216385,0.0,58.8,0.2,0.5676215076446532,1.3953228473663328,0.0,4e23e56d39fa0ab972508d7e35669c47b51b9180d175bf78bfe1734618a31545,ok,589,0.10000000000000053,58.90000000000031,58.8,0,0.4083388649142254,0.04608144760131836,589,C:\Users\grape\OneDrive\Multi_Robot_System\maps\i_shape\map_015.png,5.0,1.0,0.17574,588.0,1.0,
i_shape,64,5,44,True,239,robot_collision,,0.995833,0.0,0.4125,0.0,240.0,,,,0.26772067062382965,0.8943841707089732,1.9900059461593629,1200,17390,41535,.,safe_ablation,w/o ICA,agent_5_safe_ablation/i_shape_seed_64_044,True,100.0,,,,,,,100.0,58.75,0.513755202293396,0.0,0.0,0.0,,11.788458749409376,22.15540000470355,28.915899980347604,0.0,,,,,0.0,a9a59625dcd5eb217b92afdf26e9775847e056463fe1a74f204d5d7900962384,ok,240,0.09999999999999964,23.999999999999915,23.9,0,0.5749950538078944,0.5250929325819016,240,C:\Users\grape\OneDrive\Multi_Robot_System\maps\i_shape\map_044.png,5.0,1.0,0.1693,,,
i_shape,64,5,68,True,564,goal,,0.99823,0.0,0.095575,0.0,565.0,,,,0.34380500656960716,0.8296713663609616,1.9900059461593629,2825,33865,41694,.,safe_ablation,w/o ICA,agent_5_safe_ablation/i_shape_seed_64_068,True,100.0,,,,,,,100.0,90.4424778761062,0.203756719827652,0.0,0.0,0.0,,11.723073097759759,21.539820020552717,31.655700004193925,0.0,,,,,0.0,a3a95a0dbabe3fb766e7f40b1482118f3ffc9626f6f2fa3bf60d2a0a4c69d754,ok,565,0.10000000000000053,56.5000000000003,56.400000000000006,0,0.4704840251302297,0.30265011787414553,565,,,,,,,goal_map_free_cell_count_mismatch
i_shape,64,5,84,True,352,robot_collision,,0.997167,0.0,0.087819,0.0,353.0,,,,0.2570289029803759,0.8260206061798377,1.9900059461593629,1765,24970,42528,.,safe_ablation,w/o ICA,agent_5_safe_ablation/i_shape_seed_64_084,True,100.0,,,,,,,100.0,91.21813031161473,0.49137112498283386,0.0,0.0,0.0,,12.100425211560356,21.58986000576987,34.56910001114011,0.0,,,,,0.0,60273962bcca601b113f258d854f2449287734c8c3eb5593ef08d973ed0d9600,ok,353,0.1,35.300000000000004,35.2,0,0.5554401769854191,0.49326311349868773,353,,,,,,,goal_map_free_cell_count_mismatch
i_shape,64,5,89,True,745,goal,,0.99866,0.0,0.0,0.0,746.0,,,,0.31072335840761006,0.8326114552622096,1.9900059461593629,3730,35436,42210,.,safe_ablation,w/o ICA,agent_5_safe_ablation/i_shape_seed_64_089,True,100.0,,,,,,,100.0,100.0,0.2563405632972717,0.0,0.0,0.0,,11.388461259627544,21.053624986961946,33.91719999490306,0.0,74.5,0.2,0.24341334342956547,0.748328495025635,0.0,48538f5d40c81b10cdac4fa8e72c9a9d43de3528a51d04653175572c4db575d3,ok,746,0.10000000000000053,74.60000000000039,74.5,0,0.48627067387263834,0.2784291133284569,746,C:\Users\grape\OneDrive\Multi_Robot_System\maps\i_shape\map_089.png,5.0,1.0,0.1558,745.0,1.0,
i_shape,91,5,3,True,656,robot_collision,,0.998478,0.0,0.100457,0.070015,657.0,,,,0.43643563217650005,1.000148599687596,1.9900059461593629,3285,29763,41483,.,safe_ablation,w/o ICA,agent_5_safe_ablation/i_shape_seed_91_003,True,92.9985,,,,,,,92.99847792998477,89.95433789954338,-0.005759179592132568,4.6000000000000245,4.300000000000023,0.003591425783110669,0.0030823803466299305,10.654188889386047,18.631239997921508,35.757900011958554,0.0,,,,,-2.2070015234021412e-05,b06236a8336235b7ca4694f48e4b05aefe54f5f1ae6279c37d249a12d025ec12,ok,657,0.10000000000000053,65.70000000000034,65.60000000000001,46,0.35916960212193666,-0.0013949155807495117,657,C:\Users\grape\OneDrive\Multi_Robot_System\maps\i_shape\map_003.png,5.0,1.0,0.17034,,,
i_shape,91,5,15,True,589,goal,,0.998305,0.0,0.0,0.035593,590.0,,,,0.34888038173833086,1.0000009334998274,1.9900059461593629,2950,33618,41213,.,safe_ablation,w/o ICA,agent_5_safe_ablation/i_shape_seed_91_015,True,96.4407,,,,,,,96.4406779661017,100.0,-0.12095391750335692,2.100000000000011,2.100000000000011,0.07232672634934034,0.060438678378150576,11.27211762758927,20.319475000724196,87.22670000861399,0.0,58.900000000000006,0.2,0.5566251659393309,1.487089681625366,-2.2033898304130162e-05,076a59425942b4378bdafa3226703a7c930731ec24208df851e766258b33386f,ok,590,0.10000000000000053,59.00000000000031,58.900000000000006,21,0.4555009631282192,0.04698871970176699,590,C:\Users\grape\OneDrive\Multi_Robot_System\maps\i_shape\map_015.png,5.0,1.0,0.17574,589.0,1.0,
i_shape,91,5,44,True,737,goal,,0.998645,0.0,0.03523,0.0,738.0,,,,0.3592940824673883,0.8582287545762347,1.9900059461593629,3690,33247,41535,.,safe_ablation,w/o ICA,agent_5_safe_ablation/i_shape_seed_91_044,True,100.0,,,,,,,100.0,96.4769647696477,0.2893107831478119,0.0,0.0,0.0,,11.616708130014462,21.06302499450976,35.09090002626181,0.0,73.7,0.2,0.3466252708435058,0.5834637165069583,0.0,0d808d2e60e4d726515d6ec318f656bb63583e8544285e94312d353adb8b085e,ok,738,0.10000000000000053,73.8000000000004,73.7,0,0.5255617171849015,0.3550544917583466,738,C:\Users\grape\OneDrive\Multi_Robot_System\maps\i_shape\map_044.png,5.0,1.0,0.1693,737.0,1.0,
i_shape,91,5,68,True,257,robot_collision,,0.996124,0.0,0.023256,0.0,258.0,,,,0.1769671438197684,0.8007214059238346,1.9900059461593629,1290,21387,41694,.,safe_ablation,w/o ICA,agent_5_safe_ablation/i_shape_seed_91_068,True,100.0,,,,,,,100.0,97.67441860465115,0.2756960093975067,0.0,0.0,0.0,,11.809536820826258,21.614564984338323,36.04859998449683,0.0,,,,,0.0,33c0c1188338ca737952a89a775b9cb8eaf5f9a9508a0027e4e874cf2835035f,ok,258,0.09999999999999964,25.79999999999991,25.7,0,0.4941008810618127,0.3284993156790733,258,,,,,,,goal_map_free_cell_count_mismatch
i_shape,91,5,84,True,521,goal,,0.998084,0.0,0.017241,0.0,522.0,,,,0.29213605679914056,0.8292695050047796,1.9900059461593629,2610,33053,42528,.,safe_ablation,w/o ICA,agent_5_safe_ablation/i_shape_seed_91_084,True,100.0,,,,,,,100.0,98.27586206896551,0.21057140827178955,0.0,0.0,0.0,,11.835960728230965,20.72194501379272,45.513999997638166,0.0,,,,,0.0,8ea642766855a8a30ba3be5ca982139da2cfbd51d1355182d6619118af31c0b5,ok,522,0.10000000000000053,52.20000000000028,52.1,0,0.4772220650166844,0.28380611091852187,522,,,,,,,goal_map_free_cell_count_mismatch
i_shape,91,5,89,True,55,robot_collision,,0.982143,0.0,0.071429,0.0,56.0,,,,0.06864597356690211,0.336485870824126,1.9900059461593629,280,9538,42210,.,safe_ablation,w/o ICA,agent_5_safe_ablation/i_shape_seed_91_089,True,100.0,,,,,,,100.0,92.85714285714286,0.3716460764408112,0.0,0.0,0.0,,12.338932144172889,22.278025004197843,23.995399998966604,0.0,,,,,0.0,f9353fb4398e401553cd7160bf32133bb130742c2e71b9c6914ad497c995b9bd,ok,56,0.1,5.6000000000000005,5.5,0,0.5063257989074502,0.381747767329216,56,C:\Users\grape\OneDrive\Multi_Robot_System\maps\i_shape\map_089.png,5.0,1.0,0.1558,,,
square,120,5,34,True,1249,goal,,0.9992,0.0,0.0416,0.0,1250.0,,,,0.27216506499552057,0.9050149859638758,1.6437672957778053,6250,66608,80530,.,safe_ablation,w/o ICA,agent_5_safe_ablation/square_seed_120_034,True,100.0,,,,,,,100.0,95.84,0.07103526592254639,0.0,0.0,0.0,,11.200570400431753,19.846365011471786,81.61980001023038,0.0,124.9,0.2,0.5939212989807132,1.2670430183410648,0.0,dee2f4bdb81d23fac5483b6a5315f7fc97551a2f42ded8b934da0dc197223e9b,ok,1250,0.09999999999999964,124.99999999999956,124.9,0,0.3990560275793076,0.14133463948965072,1250,C:\Users\grape\OneDrive\Multi_Robot_System\maps\square\map_034.png,5.0,5.0,0.67788,1249.0,1.0,
square,120,5,49,True,1446,goal,,0.999309,0.0,0.02557,0.030408,1447.0,,,,0.3027883488388677,0.867378711586332,2.526309826472832,7235,58702,63573,.,safe_ablation,w/o ICA,agent_5_safe_ablation/square_seed_120_049,True,96.9592,,,,,,,96.95922598479612,97.44298548721493,-0.1598571538925171,4.399999999999984,4.399999999999984,0.09434733403332574,0.08245872773907402,10.96919868689297,18.537579989060767,86.18760001263581,0.0,144.6,0.2,0.27320998009504077,0.9680865673453207,2.5984796124589593e-05,320720d5e9aa26d2a4912006259186b33e1956a1d0bdca1c1faf7d715c2eb377,ok,1447,0.09999999999999964,144.69999999999948,144.6,44,0.34974846264454273,0.0024533450603485105,1447,C:\Users\grape\OneDrive\Multi_Robot_System\maps\square\map_049.png,5.0,5.0,0.745708,1446.0,1.0,
square,120,5,69,True,1094,goal,,0.999087,0.0,0.029224,0.221918,1095.0,,,,0.3142793379486105,0.9721288519105434,2.828427346017153,5475,57771,69676,.,safe_ablation,w/o ICA,agent_5_safe_ablation/square_seed_120_069,True,77.8082,,,,,,,77.8082191780822,97.07762557077626,-0.40871107578277593,24.29999999999994,11.69999999999997,0.22406595284814346,0.09387156158808327,11.100484657374563,18.810610013315454,46.30879999604076,0.0,109.4,0.2,0.5874798216188297,0.8869267940521244,1.9178082197868207e-05,cc9f70a1581530b0b6f6751473f7ac3c1b8d7eeacbbe7933e95663d2cf39251c,ok,1095,0.09999999999999976,109.49999999999973,109.4,243,0.3603605227655472,-0.15258102416992186,1095,C:\Users\grape\OneDrive\Multi_Robot_System\maps\square\map_069.png,5.0,5.0,0.721296,1094.0,1.0,
square,140,5,34,True,1563,goal,,1.0,0.0,0.111253,0.024936,1564.0,,,,0.3214710978416174,1.0000019837380592,2.2122850181909413,7820,71399,80530,.,safe_ablation,w/o ICA,agent_5_safe_ablation/square_seed_140_034,True,97.5064,,,,,,,97.50639386189258,88.87468030690538,-0.0172957181930542,3.899999999999917,2.999999999999936,0.010737761667146128,0.0065428385367760295,11.324450063984097,20.016614992346145,42.81799998716451,0.0,156.3,0.2,0.8245181773167388,1.619895612230666,-6.138107423225847e-06,892d02c554b42b070635cbb98110f788efa9a7232d3f348fa75fc4db8da5b23d,ok,1564,0.09999999999999787,156.39999999999668,156.3,39,0.2680937040339955,0.00016225874423980716,1564,C:\Users\grape\OneDrive\Multi_Robot_System\maps\square\map_034.png,5.0,5.0,0.67788,1563.0,1.0,
square,140,5,49,True,2061,robot_collision,,1.0,0.0,0.14161,0.012124,2062.0,,,,0.42541885889793934,0.9597492401541015,1.7229210197892102,10310,49265,63573,.,safe_ablation,w/o ICA,agent_5_safe_ablation/square_seed_140_049,True,98.7876,,,,,,,98.78758486905916,85.83899127061105,-0.0023984909057617188,2.499999999999858,2.0999999999998806,0.001497654959614847,0.0018093681335449219,11.241543113481422,18.61720999731915,82.0671000110451,0.0,,,,,-1.5130940838048446e-05,cc7d118e2a7e6daf2637df96ac5dde95a22afba1bf54f42263212bd5538b912f,ok,2062,0.09999999999999432,206.19999999998828,206.1,25,0.27265289704795026,-2.3221969604492182e-05,2062,C:\Users\grape\OneDrive\Multi_Robot_System\maps\square\map_049.png,5.0,5.0,0.745708,,,
square,140,5,69,True,830,robot_collision,,1.0,0.0,0.00722,0.0,831.0,,,,0.2304605142090535,0.8389104826472691,1.3435130558898183,4155,50433,69676,.,safe_ablation,w/o ICA,agent_5_safe_ablation/square_seed_140_069,True,100.0,,,,,,,100.0,99.27797833935018,0.200969398021698,0.0,0.0,0.0,,12.40772551127203,22.38039999792818,34.129500010749325,0.0,,,,,0.0,e5b7455ab3e107bc35178357409f2c30a17943d3afbd3ae08013c2ec971de7fb,ok,831,0.10000000000000009,83.10000000000008,83.0,0,0.45604901594949254,0.2412702888250351,831,C:\Users\grape\OneDrive\Multi_Robot_System\maps\square\map_069.png,5.0,5.0,0.721296,,,
square,42,5,34,True,1610,goal,,0.999379,0.0,0.032278,0.024209,1611.0,,,,0.3884831237054301,1.0000029781790831,2.554363547551072,8055,73080,80530,.,safe_ablation,w/o ICA,agent_5_safe_ablation/square_seed_42_034,True,97.5791,,,,,,,97.57914338919925,96.77219118559901,-0.07836967706680298,3.899999999999917,2.899999999999938,0.04756691598174301,0.038707260902111344,11.310408504260387,19.864250018144958,82.6723000209313,0.0,161.0,0.2,0.6070929718017581,1.4414276123046879,4.338919924862239e-05,8da1faae4fce01996d3756becaa4b35aeb0b4cf26a89b9062eb6eceb04b54c0d,ok,1611,0.09999999999999787,161.09999999999656,161.0,39,0.35398652296788496,0.006527364253997803,1611,C:\Users\grape\OneDrive\Multi_Robot_System\maps\square\map_034.png,5.0,5.0,0.67788,1610.0,1.0,
square,42,5,49,True,1134,goal,,0.999119,0.0,0.043172,0.018502,1135.0,,,,0.3482113242122467,0.9670725943385111,1.9900059461593629,5675,53322,63573,.,safe_ablation,w/o ICA,agent_5_safe_ablation/square_seed_42_049,True,98.1498,,,,,,,98.14977973568281,95.68281938325991,-0.0019751787185668945,2.0999999999999925,2.0999999999999925,0.001233535692663712,0.0016110794884817941,10.678373568353862,17.726179992314428,94.12240001256576,0.0,113.4,0.2,0.20646789877280733,0.5806683226756818,-2.0264317186047265e-05,37094b72afec5c1c438db1f9c6935135e811f9c8e9b93ea3a99285194566b24f,ok,1135,0.09999999999999964,113.4999999999996,113.4,21,0.43128075502517466,0.028413456678390504,1135,C:\Users\grape\OneDrive\Multi_Robot_System\maps\square\map_049.png,5.0,5.0,0.745708,1134.0,1.0,
square,42,5,69,True,832,goal,,0.9988,0.0,0.0,0.0,833.0,,,,0.26583312982096113,0.8376670705455067,1.9900059461593629,4165,52664,69676,.,safe_ablation,w/o ICA,agent_5_safe_ablation/square_seed_42_069,True,100.0,,,,,,,100.0,100.0,0.006349265575408936,0.0,0.0,0.0,,11.035974430584707,18.781999987550076,45.90170001029037,0.0,83.2,0.2,0.4269255837048537,0.9392332077026371,0.0,7a5648731bb0dcc39d35c8103fa70f20b50c4be0c29f3c426dc02f5c5074afb8,ok,833,0.10000000000000009,83.30000000000007,83.2,0,0.39833894579493556,0.0657476544380188,833,C:\Users\grape\OneDrive\Multi_Robot_System\maps\square\map_069.png,5.0,5.0,0.721296,832.0,1.0,
square,64,5,34,True,1012,goal,,0.998026,0.0,0.028628,0.05923,1013.0,,,,0.29043803928697004,0.8751842478149536,2.358195332439936,5065,68985,80530,.,safe_ablation,w/o ICA,agent_5_safe_ablation/square_seed_64_034,True,94.077,,,,,,,94.07699901283317,97.13721618953603,-0.07702720165252684,5.999999999999998,2.7999999999999994,0.04677458727368933,0.026114956537882487,11.086698223625033,18.797860003542155,86.18209999985993,0.0,101.2,0.2,0.681309099197388,1.2470735549926761,-9.871668282812607e-07,8f6dc38b17734c1be1ead6aa0d0c05dafbbab20678f24c19cb22f0878fc25223,ok,1013,0.09999999999999998,101.29999999999998,101.2,60,0.38414198145461576,-0.00290532112121582,1013,C:\Users\grape\OneDrive\Multi_Robot_System\maps\square\map_034.png,5.0,5.0,0.67788,1012.0,1.0,
square,64,5,49,True,1914,goal,,0.999478,0.0,0.077285,0.01201,1915.0,,,,0.3351107290385809,0.9727673246645956,1.9900091499090267,9575,50563,63573,.,safe_ablation,w/o ICA,agent_5_safe_ablation/square_seed_64_049,True,98.799,,,,,,,98.79895561357702,92.27154046997389,-0.007254481315612794,2.299999999999951,1.599999999999966,0.004521274619641691,0.0037591068640999174,11.10288605763268,19.5237999985693,83.5578000114765,0.0,191.4,0.2,0.7943926789722848,1.3640689265539279,-4.438642298509876e-05,cb71df365f8591f36dcfd5f7af4cb8e3f9a1d8d083542d45079df4386272dc90,ok,1915,0.09999999999999787,191.4999999999959,191.4,23,0.36639847890826494,0.00032884478569030764,1915,C:\Users\grape\OneDrive\Multi_Robot_System\maps\square\map_049.png,5.0,5.0,0.745708,1914.0,1.0,
square,64,5,69,True,829,goal,,0.99759,0.0,0.128916,0.0,830.0,,,,0.2568972217602908,0.8315430882205023,1.9900091294199245,4150,48122,69676,.,safe_ablation,w/o ICA,agent_5_safe_ablation/square_seed_64_069,True,100.0,,,,,,,100.0,87.10843373493977,0.09059619903564452,0.0,0.0,0.0,,11.482068072550044,19.368914994993233,42.11509999004193,0.0,82.9,0.2,0.21764678975140375,0.5860584126858376,0.0,f6142ab3c25f08c744413ad88405134d4192054429ec7dae18b66409f4c9f9c2,ok,830,0.10000000000000009,83.00000000000007,82.9,0,0.433191403926137,0.20696333795785904,830,C:\Users\grape\OneDrive\Multi_Robot_System\maps\square\map_069.png,5.0,5.0,0.721296,829.0,1.0,
square,91,5,34,True,395,robot_collision,,1.0,0.0,0.015152,0.0,396.0,,,,0.31412488955384654,1.0000712682641997,1.261745261301424,1980,26628,80530,.,safe_ablation,w/o ICA,agent_5_safe_ablation/square_seed_91_034,True,100.0,,,,,,,100.0,98.48484848484848,0.03195399045944214,0.0,0.0,0.0,,11.770570454392887,21.414350005215965,33.963900001253926,0.0,,,,,0.0,eaf1997e62bfc7ef9ad60bef01535bf6d0582344bd37029261d468ddf7caeb3f,ok,396,0.10000000000000009,39.60000000000004,39.5,0,0.37694610391903405,0.05903220176696777,396,C:\Users\grape\OneDrive\Multi_Robot_System\maps\square\map_034.png,5.0,5.0,0.67788,,,
square,91,5,49,True,771,robot_collision,,1.0,0.0,0.086788,0.044041,772.0,,,,0.31819085489761784,1.000000928476836,1.1480976766103994,3860,42228,63573,.,safe_ablation,w/o ICA,agent_5_safe_ablation/square_seed_91_049,True,95.5959,,,,,,,95.59585492227978,91.32124352331607,-0.009927749633789062,3.400000000000018,1.700000000000009,0.0061809658096556586,0.0038026150535134706,10.799538212122005,18.591799995920155,30.90069998870604,0.0,,,,,-4.507772021611345e-05,186dbe95f06822e6b7d2ecec16ad2d75508b54316694b64deb5ef5d84128842c,ok,772,0.10000000000000053,77.20000000000041,77.1,34,0.2648211168656077,-0.0008569955825805664,772,C:\Users\grape\OneDrive\Multi_Robot_System\maps\square\map_049.png,5.0,5.0,0.745708,,,
square,91,5,69,True,782,goal,,1.0,0.0,0.006386,0.0,783.0,,,,0.2596381813375892,0.8316868457203607,1.1779590875955461,3915,48997,69676,.,safe_ablation,w/o ICA,agent_5_safe_ablation/square_seed_91_069,True,100.0,,,,,,,100.0,99.36143039591315,0.02281653881072998,0.0,0.0,0.0,,11.14386130277618,19.088040009955872,28.706700017210096,0.0,78.2,0.2,0.3522197786260571,1.0006982402709836,0.0,720eccf4d9d8624f5c37c3dbc289c1096b3cff758780072425773b0b35e261b9,ok,783,0.10000000000000053,78.30000000000042,78.2,0,0.4700623144363535,0.27380924820899966,783,C:\Users\grape\OneDrive\Multi_Robot_System\maps\square\map_069.png,5.0,5.0,0.721296,782.0,1.0,
custom,120,5,1,True,661,frozen,,0.725076,0.0,0.0,0.187311,662.0,,,,0.5999849586156294,2.000000014901161,2.5125109328497146,3310,23909,35940,.,team_ablation,Frontier,agent_5_team_ablation/custom_seed_120_001,False,81.2689,,,,,,,81.2688821752266,100.0,-0.3544670939445496,12.400000000000066,6.400000000000034,0.1972297097181519,0.28786648713773294,13.785619636873781,24.813410008209754,43.16309999558143,0.0,,,,,-1.7824773408392502e-05,505f73f84fa0771177de95766bbe094ff42062d1a1fefffc9b183302a182c2ea,ok,662,0.10000000000000053,66.20000000000036,66.10000000000001,124,0.16806536237638883,-0.35378110110759736,662,C:\Users\grape\OneDrive\Multi_Robot_System\maps\custom\map_001.png,5.0,1.0,0.2812,,,
custom,120,5,2,True,5409,frozen,,0.959335,0.0,0.0,0.043623,5410.0,,,,0.4878436997738026,1.0018649697066424,2.8284271352829022,27050,72620,189167,.,team_ablation,Frontier,agent_5_team_ablation/custom_seed_120_002,False,95.63770000000001,,,,,,,95.63770794824399,100.0,-0.7464333772659301,23.599999999999916,2.9999999999999893,0.3774690557572755,0.1318939843420255,11.941302144246231,21.663044989691116,111.43410002114253,0.018484288354898334,,,,,7.948243975874902e-06,cf32c80e6c52be2c3df4fd5f233bc17acabbc95af7fdc8a96f88537376bab8e8,ok,5410,0.09999999999999964,540.9999999999981,540.9,236,0.2853401742007948,0.0001766562461853027,5410,C:\Users\grape\OneDrive\Multi_Robot_System\maps\custom\map_002.png,5.0,5.0,0.243332,,,
custom,120,5,3,True,3968,obstacle_collision,,0.789116,0.000756,0.188713,0.098262,3969.0,,,,0.47402697721987075,1.5408887613329494,2.7758888894001705,19845,89885,109925,.,team_ablation,Frontier,agent_5_team_ablation/custom_seed_120_003,False,90.1738,,,,,,,90.17384731670445,81.12874779541445,-1.0992376804351807,38.99999999999778,13.099999999999255,0.5188016076860009,0.18369332337990785,14.081443285446474,26.867759990273044,110.28140000416896,0.02519526329050139,,,,,4.7316704453237435e-05,cf2ed17b6df10f3db3604e8ee442a42e56649d7bbba3cabbb802fd0042feb1f0,ok,3969,0.09999999999999432,396.89999999997747,396.8,390,0.1884909849092984,-0.05958491563796997,3969,C:\Users\grape\OneDrive\Multi_Robot_System\maps\custom\map_003.png,5.0,5.0,0.5603,,,
custom,140,5,1,True,661,frozen,,0.725076,0.0,0.0,0.187311,662.0,,,,0.5999849586156294,2.000000014901161,2.5125109328497146,3310,23909,35940,.,team_ablation,Frontier,agent_5_team_ablation/custom_seed_140_001,False,81.2689,,,,,,,81.2688821752266,100.0,-0.3544670939445496,12.400000000000066,6.400000000000034,0.1972297097181519,0.28786648713773294,14.268429607008388,25.611954990017686,109.03419999522156,0.1510574018126888,,,,,-1.7824773408392502e-05,505f73f84fa0771177de95766bbe094ff42062d1a1fefffc9b183302a182c2ea,ok,662,0.10000000000000053,66.20000000000036,66.10000000000001,124,0.16806536237638883,-0.35378110110759736,662,C:\Users\grape\OneDrive\Multi_Robot_System\maps\custom\map_001.png,5.0,1.0,0.2812,,,
custom,140,5,2,True,5409,frozen,,0.959335,0.0,0.0,0.043623,5410.0,,,,0.4878436997738026,1.0018649697066424,2.8284271352829022,27050,72620,189167,.,team_ablation,Frontier,agent_5_team_ablation/custom_seed_140_002,False,95.63770000000001,,,,,,,95.63770794824399,100.0,-0.7464333772659301,23.599999999999916,2.9999999999999893,0.3774690557572755,0.1318939843420255,11.973912144467567,21.590495003329124,106.4652999921236,0.018484288354898334,,,,,7.948243975874902e-06,cf32c80e6c52be2c3df4fd5f233bc17acabbc95af7fdc8a96f88537376bab8e8,ok,5410,0.09999999999999964,540.9999999999981,540.9,236,0.2853401742007948,0.0001766562461853027,5410,C:\Users\grape\OneDrive\Multi_Robot_System\maps\custom\map_002.png,5.0,5.0,0.243332,,,
custom,140,5,3,True,3968,obstacle_collision,,0.789116,0.000756,0.188713,0.098262,3969.0,,,,0.47402697721987075,1.5408887613329494,2.7758888894001705,19845,89885,109925,.,team_ablation,Frontier,agent_5_team_ablation/custom_seed_140_003,False,90.1738,,,,,,,90.17384731670445,81.12874779541445,-1.0992376804351807,38.99999999999778,13.099999999999255,0.5188016076860009,0.18369332337990785,14.147850189073894,27.231380000011992,119.45629998808727,0.05039052658100278,,,,,4.7316704453237435e-05,cf2ed17b6df10f3db3604e8ee442a42e56649d7bbba3cabbb802fd0042feb1f0,ok,3969,0.09999999999999432,396.89999999997747,396.8,390,0.1884909849092984,-0.05958491563796997,3969,C:\Users\grape\OneDrive\Multi_Robot_System\maps\custom\map_003.png,5.0,5.0,0.5603,,,
custom,42,5,1,True,661,frozen,,0.725076,0.0,0.0,0.187311,662.0,,,,0.5999849586156294,2.000000014901161,2.5125109328497146,3310,23909,35940,.,team_ablation,Frontier,agent_5_team_ablation/custom_seed_42_001,True,81.2689,,,,,,,81.2688821752266,100.0,-0.3544670939445496,12.400000000000066,6.400000000000034,0.1972297097181519,0.28786648713773294,14.58996948608907,26.13159999236812,40.60249999747612,0.0,,,,,-1.7824773408392502e-05,505f73f84fa0771177de95766bbe094ff42062d1a1fefffc9b183302a182c2ea,ok,662,0.10000000000000053,66.20000000000036,66.10000000000001,124,0.16806536237638883,-0.35378110110759736,662,C:\Users\grape\OneDrive\Multi_Robot_System\maps\custom\map_001.png,5.0,1.0,0.2812,,,
custom,42,5,2,True,5409,frozen,,0.959335,0.0,0.0,0.043623,5410.0,,,,0.4878436997738026,1.0018649697066424,2.8284271352829022,27050,72620,189167,.,team_ablation,Frontier,agent_5_team_ablation/custom_seed_42_002,True,95.63770000000001,,,,,,,95.63770794824399,100.0,-0.7464333772659301,23.599999999999916,2.9999999999999893,0.3774690557572755,0.1318939843420255,12.481664639661801,23.04942000264419,91.90070000477137,0.0,,,,,7.948243975874902e-06,cf32c80e6c52be2c3df4fd5f233bc17acabbc95af7fdc8a96f88537376bab8e8,ok,5410,0.09999999999999964,540.9999999999981,540.9,236,0.2853401742007948,0.0001766562461853027,5410,C:\Users\grape\OneDrive\Multi_Robot_System\maps\custom\map_002.png,5.0,5.0,0.243332,,,
custom,42,5,3,True,3968,obstacle_collision,,0.789116,0.000756,0.188713,0.098262,3969.0,,,,0.47402697721987075,1.5408887613329494,2.7758888894001705,19845,89885,109925,.,team_ablation,Frontier,agent_5_team_ablation/custom_seed_42_003,True,90.1738,,,,,,,90.17384731670445,81.12874779541445,-1.0992376804351807,38.99999999999778,13.099999999999255,0.5188016076860009,0.18369332337990785,14.734113680962983,29.377360007492825,103.4044999978505,0.02519526329050139,,,,,4.7316704453237435e-05,cf2ed17b6df10f3db3604e8ee442a42e56649d7bbba3cabbb802fd0042feb1f0,ok,3969,0.09999999999999432,396.89999999997747,396.8,390,0.1884909849092984,-0.05958491563796997,3969,C:\Users\grape\OneDrive\Multi_Robot_System\maps\custom\map_003.png,5.0,5.0,0.5603,,,
custom,64,5,1,True,661,frozen,,0.725076,0.0,0.0,0.187311,662.0,,,,0.5999849586156294,2.000000014901161,2.5125109328497146,3310,23909,35940,.,team_ablation,Frontier,agent_5_team_ablation/custom_seed_64_001,False,81.2689,,,,,,,81.2688821752266,100.0,-0.3544670939445496,12.400000000000066,6.400000000000034,0.1972297097181519,0.28786648713773294,16.202441238694625,29.312180003762464,110.56090000784025,0.1510574018126888,,,,,-1.7824773408392502e-05,505f73f84fa0771177de95766bbe094ff42062d1a1fefffc9b183302a182c2ea,ok,662,0.10000000000000053,66.20000000000036,66.10000000000001,124,0.16806536237638883,-0.35378110110759736,662,C:\Users\grape\OneDrive\Multi_Robot_System\maps\custom\map_001.png,5.0,1.0,0.2812,,,
custom,64,5,2,True,5409,frozen,,0.959335,0.0,0.0,0.043623,5410.0,,,,0.4878436997738026,1.0018649697066424,2.8284271352829022,27050,72620,189167,.,team_ablation,Frontier,agent_5_team_ablation/custom_seed_64_002,False,95.63770000000001,,,,,,,95.63770794824399,100.0,-0.7464333772659301,23.599999999999916,2.9999999999999893,0.3774690557572755,0.1318939843420255,14.63132327158198,26.0235000125249,110.58180000691208,0.018484288354898334,,,,,7.948243975874902e-06,cf32c80e6c52be2c3df4fd5f233bc17acabbc95af7fdc8a96f88537376bab8e8,ok,5410,0.09999999999999964,540.9999999999981,540.9,236,0.2853401742007948,0.0001766562461853027,5410,C:\Users\grape\OneDrive\Multi_Robot_System\maps\custom\map_002.png,5.0,5.0,0.243332,,,
custom,64,5,3,True,3968,obstacle_collision,,0.789116,0.000756,0.188713,0.098262,3969.0,,,,0.47402697721987075,1.5408887613329494,2.7758888894001705,19845,89885,109925,.,team_ablation,Frontier,agent_5_team_ablation/custom_seed_64_003,False,90.1738,,,,,,,90.17384731670445,81.12874779541445,-1.0992376804351807,38.99999999999778,13.099999999999255,0.5188016076860009,0.18369332337990785,17.44819841265053,34.16810000198893,111.7684999917401,0.02519526329050139,,,,,4.7316704453237435e-05,cf2ed17b6df10f3db3604e8ee442a42e56649d7bbba3cabbb802fd0042feb1f0,ok,3969,0.09999999999999432,396.89999999997747,396.8,390,0.1884909849092984,-0.05958491563796997,3969,C:\Users\grape\OneDrive\Multi_Robot_System\maps\custom\map_003.png,5.0,5.0,0.5603,,,
custom,91,5,1,True,661,frozen,,0.725076,0.0,0.0,0.187311,662.0,,,,0.5999849586156294,2.000000014901161,2.5125109328497146,3310,23909,35940,.,team_ablation,Frontier,agent_5_team_ablation/custom_seed_91_001,False,81.2689,,,,,,,81.2688821752266,100.0,-0.3544670939445496,12.400000000000066,6.400000000000034,0.1972297097181519,0.28786648713773294,14.56288066478548,27.435885004524586,100.56900000199676,0.1510574018126888,,,,,-1.7824773408392502e-05,505f73f84fa0771177de95766bbe094ff42062d1a1fefffc9b183302a182c2ea,ok,662,0.10000000000000053,66.20000000000036,66.10000000000001,124,0.16806536237638883,-0.35378110110759736,662,C:\Users\grape\OneDrive\Multi_Robot_System\maps\custom\map_001.png,5.0,1.0,0.2812,,,
custom,91,5,2,True,5409,frozen,,0.959335,0.0,0.0,0.043623,5410.0,,,,0.4878436997738026,1.0018649697066424,2.8284271352829022,27050,72620,189167,.,team_ablation,Frontier,agent_5_team_ablation/custom_seed_91_002,False,95.63770000000001,,,,,,,95.63770794824399,100.0,-0.7464333772659301,23.599999999999916,2.9999999999999893,0.3774690557572755,0.1318939843420255,12.395896321568099,22.905505003291182,113.27420000452548,0.07393715341959334,,,,,7.948243975874902e-06,cf32c80e6c52be2c3df4fd5f233bc17acabbc95af7fdc8a96f88537376bab8e8,ok,5410,0.09999999999999964,540.9999999999981,540.9,236,0.2853401742007948,0.0001766562461853027,5410,C:\Users\grape\OneDrive\Multi_Robot_System\maps\custom\map_002.png,5.0,5.0,0.243332,,,
custom,91,5,3,True,3968,obstacle_collision,,0.789116,0.000756,0.188713,0.098262,3969.0,,,,0.47402697721987075,1.5408887613329494,2.7758888894001705,19845,89885,109925,.,team_ablation,Frontier,agent_5_team_ablation/custom_seed_91_003,False,90.1738,,,,,,,90.17384731670445,81.12874779541445,-1.0992376804351807,38.99999999999778,13.099999999999255,0.5188016076860009,0.18369332337990785,14.554532779105026,29.96070000226609,98.58380000514447,0.0,,,,,4.7316704453237435e-05,cf2ed17b6df10f3db3604e8ee442a42e56649d7bbba3cabbb802fd0042feb1f0,ok,3969,0.09999999999999432,396.89999999997747,396.8,390,0.1884909849092984,-0.05958491563796997,3969,C:\Users\grape\OneDrive\Multi_Robot_System\maps\custom\map_003.png,5.0,5.0,0.5603,,,
i_shape,120,5,3,True,956,frozen,,0.858934,0.0,0.0,0.0,957.0,,,,0.43671270018460306,1.0374850116444139,2.23369108488761,4785,25521,41483,.,team_ablation,Frontier,agent_5_team_ablation/i_shape_seed_120_003,False,100.0,,,,,,,100.0,100.0,-1.728534698486328e-06,0.0,0.0,0.0,,14.02434430502612,27.90782000520265,88.60739998635837,0.0,,,,,0.0,61da65746a30b3e8b3e47be0038ffacff856a466c6f3c4139e3e334f1ee81fce,ok,957,0.10000000000000006,95.70000000000006,95.6,0,0.40712723908254966,2.956390380859378e-06,957,C:\Users\grape\OneDrive\Multi_Robot_System\maps\i_shape\map_003.png,5.0,1.0,0.17034,,,
i_shape,120,5,15,True,972,frozen,,0.886948,0.0,0.0,0.0,973.0,,,,0.36277144858118443,1.0601141025781617,2.000000014901161,4865,23228,41213,.,team_ablation,Frontier,agent_5_team_ablation/i_shape_seed_120_015,False,100.0,,,,,,,100.0,100.0,0.11712855100631712,0.0,0.0,0.0,,13.85912918804557,28.3800599980168,99.06009997939691,0.0,,,,,0.0,698ecd0e5ed70a2da3216c0036eb6da9464b877aa9f8e00d7d30d16b227d3a7b,ok,973,0.10000000000000002,97.30000000000003,97.2,0,0.4468939820455745,0.20577046275138855,973,C:\Users\grape\OneDrive\Multi_Robot_System\maps\i_shape\map_015.png,5.0,1.0,0.17574,,,
i_shape,120,5,44,True,776,frozen,,0.728443,0.0,0.0,0.0,777.0,,,,0.5431245931565937,1.8843557046320523,2.2185368049963103,3885,21832,41535,.,team_ablation,Frontier,agent_5_team_ablation/i_shape_seed_120_044,False,100.0,,,,,,,100.0,100.0,0.24525165557861328,0.0,0.0,0.0,,15.653243500852007,30.995180009631433,58.50900002405979,0.0,,,,,0.0,aca9488abdda87584c319c7223e2518aa097cc02001352d7ca46b6f3780f543f,ok,777,0.10000000000000053,77.70000000000041,77.6,0,0.5745370904297749,0.438604462146759,777,C:\Users\grape\OneDrive\Multi_Robot_System\maps\i_shape\map_044.png,5.0,1.0,0.1693,,,
i_shape,120,5,68,True,1524,frozen,,0.89377,0.0,0.0,0.0,1525.0,,,,0.3965394234039203,1.2193135250288822,2.12408069387566,7625,32067,41694,.,team_ablation,Frontier,agent_5_team_ablation/i_shape_seed_120_068,False,100.0,,,,,,,100.0,100.0,0.116016685962677,0.0,0.0,0.0,,13.928995737691457,26.602899999124926,93.43240002635865,0.0,,,,,0.0,7d21bf153815c5eff829ed4b876ee0ce3068be9c12c4251cdcbe31baa90b0de3,ok,1525,0.09999999999999964,152.49999999999946,152.4,0,0.5293101699430435,0.19020467996597287,1525,,,,,,,goal_map_free_cell_count_mismatch
i_shape,120,5,84,True,848,goal,,0.98351,0.0,0.0,0.0,849.0,,,,0.3535672469277264,1.0001440776870536,2.269937235743449,4245,35315,42528,.,team_ablation,Frontier,agent_5_team_ablation/i_shape_seed_120_084,False,100.0,,,,,,,100.0,100.0,0.18886256217956543,0.0,0.0,0.0,,12.24035724379244,22.174239990999915,40.98019999219105,0.0,,,,,0.0,1515758f96798c4d59ed505609e6554e95ec166bbf1607291f2693e63cabe060,ok,849,0.10000000000000009,84.90000000000008,84.80000000000001,0,0.45973287015556585,0.25399520993232727,849,,,,,,,goal_map_free_cell_count_mismatch
i_shape,120,5,89,True,545,frozen,,0.593407,0.0,0.012821,0.0,546.0,,,,0.6818244514455362,2.000000014901161,2.223519645697739,2730,12754,42210,.,team_ablation,Frontier,agent_5_team_ablation/i_shape_seed_120_089,False,100.0,,,,,,,100.0,98.71794871794873,0.4559406936168671,0.0,0.0,0.0,,16.519811721015447,30.444300005910918,110.86179999983868,0.18315018315018314,,,,,0.0,04bd1b0b422ec121bced54b40ec74a19f02d8e6a14730bd739558831f9ad58b7,ok,546,0.10000000000000053,54.60000000000029,54.5,0,0.5690848043550065,0.49771474301815033,546,C:\Users\grape\OneDrive\Multi_Robot_System\maps\i_shape\map_089.png,5.0,1.0,0.1558,,,
i_shape,140,5,3,True,956,frozen,,0.858934,0.0,0.0,0.0,957.0,,,,0.43671270018460306,1.0374850116444139,2.23369108488761,4785,25521,41483,.,team_ablation,Frontier,agent_5_team_ablation/i_shape_seed_140_003,False,100.0,,,,,,,100.0,100.0,-1.728534698486328e-06,0.0,0.0,0.0,,13.994411702914741,27.37519999500364,83.31429999088867,0.0,,,,,0.0,61da65746a30b3e8b3e47be0038ffacff856a466c6f3c4139e3e334f1ee81fce,ok,957,0.10000000000000006,95.70000000000006,95.6,0,0.40712723908254966,2.956390380859378e-06,957,C:\Users\grape\OneDrive\Multi_Robot_System\maps\i_shape\map_003.png,5.0,1.0,0.17034,,,
i_shape,140,5,15,True,972,frozen,,0.886948,0.0,0.0,0.0,973.0,,,,0.36277144858118443,1.0601141025781617,2.000000014901161,4865,23228,41213,.,team_ablation,Frontier,agent_5_team_ablation/i_shape_seed_140_015,False,100.0,,,,,,,100.0,100.0,0.11712855100631712,0.0,0.0,0.0,,13.727726001842358,25.62509998097084,51.94120001397096,0.0,,,,,0.0,698ecd0e5ed70a2da3216c0036eb6da9464b877aa9f8e00d7d30d16b227d3a7b,ok,973,0.10000000000000002,97.30000000000003,97.2,0,0.4468939820455745,0.20577046275138855,973,C:\Users\grape\OneDrive\Multi_Robot_System\maps\i_shape\map_015.png,5.0,1.0,0.17574,,,
i_shape,140,5,44,True,776,frozen,,0.728443,0.0,0.0,0.0,777.0,,,,0.5431245931565937,1.8843557046320523,2.2185368049963103,3885,21832,41535,.,team_ablation,Frontier,agent_5_team_ablation/i_shape_seed_140_044,False,100.0,,,,,,,100.0,100.0,0.24525165557861328,0.0,0.0,0.0,,15.808862805367415,32.689119986025595,99.2057000112254,0.0,,,,,0.0,aca9488abdda87584c319c7223e2518aa097cc02001352d7ca46b6f3780f543f,ok,777,0.10000000000000053,77.70000000000041,77.6,0,0.5745370904297749,0.438604462146759,777,C:\Users\grape\OneDrive\Multi_Robot_System\maps\i_shape\map_044.png,5.0,1.0,0.1693,,,
i_shape,140,5,68,True,1524,frozen,,0.89377,0.0,0.0,0.0,1525.0,,,,0.3965394234039203,1.2193135250288822,2.12408069387566,7625,32067,41694,.,team_ablation,Frontier,agent_5_team_ablation/i_shape_seed_140_068,False,100.0,,,,,,,100.0,100.0,0.116016685962677,0.0,0.0,0.0,,13.90675954127562,26.93226000992581,106.65289999451488,0.06557377049180328,,,,,0.0,7d21bf153815c5eff829ed4b876ee0ce3068be9c12c4251cdcbe31baa90b0de3,ok,1525,0.09999999999999964,152.49999999999946,152.4,0,0.5293101699430435,0.19020467996597287,1525,,,,,,,goal_map_free_cell_count_mismatch
i_shape,140,5,84,True,848,goal,,0.98351,0.0,0.0,0.0,849.0,,,,0.3535672469277264,1.0001440776870536,2.269937235743449,4245,35315,42528,.,team_ablation,Frontier,agent_5_team_ablation/i_shape_seed_140_084,False,100.0,,,,,,,100.0,100.0,0.18886256217956543,0.0,0.0,0.0,,12.141542049227404,22.265519999200475,38.59299997566268,0.0,,,,,0.0,1515758f96798c4d59ed505609e6554e95ec166bbf1607291f2693e63cabe060,ok,849,0.10000000000000009,84.90000000000008,84.80000000000001,0,0.45973287015556585,0.25399520993232727,849,,,,,,,goal_map_free_cell_count_mismatch
i_shape,140,5,89,True,545,frozen,,0.593407,0.0,0.012821,0.0,546.0,,,,0.6818244514455362,2.000000014901161,2.223519645697739,2730,12754,42210,.,team_ablation,Frontier,agent_5_team_ablation/i_shape_seed_140_089,False,100.0,,,,,,,100.0,98.71794871794873,0.4559406936168671,0.0,0.0,0.0,,17.477621794445866,34.45724998891819,112.48829998658039,0.3663003663003663,,,,,0.0,04bd1b0b422ec121bced54b40ec74a19f02d8e6a14730bd739558831f9ad58b7,ok,546,0.10000000000000053,54.60000000000029,54.5,0,0.5690848043550065,0.49771474301815033,546,C:\Users\grape\OneDrive\Multi_Robot_System\maps\i_shape\map_089.png,5.0,1.0,0.1558,,,
i_shape,42,5,3,True,956,frozen,,0.858934,0.0,0.0,0.0,957.0,,,,0.43671270018460306,1.0374850116444139,2.23369108488761,4785,25521,41483,.,team_ablation,Frontier,agent_5_team_ablation/i_shape_seed_42_003,True,100.0,,,,,,,100.0,100.0,-1.728534698486328e-06,0.0,0.0,0.0,,14.736018599463042,26.318480004556466,96.51149999990592,0.0,,,,,0.0,61da65746a30b3e8b3e47be0038ffacff856a466c6f3c4139e3e334f1ee81fce,ok,957,0.10000000000000006,95.70000000000006,95.6,0,0.40712723908254966,2.956390380859378e-06,957,C:\Users\grape\OneDrive\Multi_Robot_System\maps\i_shape\map_003.png,5.0,1.0,0.17034,,,
i_shape,42,5,15,True,972,frozen,,0.886948,0.0,0.0,0.0,973.0,,,,0.36277144858118443,1.0601141025781617,2.000000014901161,4865,23228,41213,.,team_ablation,Frontier,agent_5_team_ablation/i_shape_seed_42_015,True,100.0,,,,,,,100.0,100.0,0.11712855100631712,0.0,0.0,0.0,,14.55964234303195,25.870880001457408,37.73379999620374,0.0,,,,,0.0,698ecd0e5ed70a2da3216c0036eb6da9464b877aa9f8e00d7d30d16b227d3a7b,ok,973,0.10000000000000002,97.30000000000003,97.2,0,0.4468939820455745,0.20577046275138855,973,C:\Users\grape\OneDrive\Multi_Robot_System\maps\i_shape\map_015.png,5.0,1.0,0.17574,,,
i_shape,42,5,44,True,776,frozen,,0.728443,0.0,0.0,0.0,777.0,,,,0.5431245931565937,1.8843557046320523,2.2185368049963103,3885,21832,41535,.,team_ablation,Frontier,agent_5_team_ablation/i_shape_seed_42_044,True,100.0,,,,,,,100.0,100.0,0.24525165557861328,0.0,0.0,0.0,,16.479885714288027,29.557959997327988,98.23350000078787,0.0,,,,,0.0,aca9488abdda87584c319c7223e2518aa097cc02001352d7ca46b6f3780f543f,ok,777,0.10000000000000053,77.70000000000041,77.6,0,0.5745370904297749,0.438604462146759,777,C:\Users\grape\OneDrive\Multi_Robot_System\maps\i_shape\map_044.png,5.0,1.0,0.1693,,,
i_shape,42,5,68,True,1524,frozen,,0.89377,0.0,0.0,0.0,1525.0,,,,0.3965394234039203,1.2193135250288822,2.12408069387566,7625,32067,41694,.,team_ablation,Frontier,agent_5_team_ablation/i_shape_seed_42_068,True,100.0,,,,,,,100.0,100.0,0.116016685962677,0.0,0.0,0.0,,13.263827082138034,23.568200005684044,89.57979999831876,0.0,,,,,0.0,7d21bf153815c5eff829ed4b876ee0ce3068be9c12c4251cdcbe31baa90b0de3,ok,1525,0.09999999999999964,152.49999999999946,152.4,0,0.5293101699430435,0.19020467996597287,1525,,,,,,,goal_map_free_cell_count_mismatch
i_shape,42,5,84,True,848,goal,,0.98351,0.0,0.0,0.0,849.0,,,,0.3535672469277264,1.0001440776870536,2.269937235743449,4245,35315,42528,.,team_ablation,Frontier,agent_5_team_ablation/i_shape_seed_42_084,True,100.0,,,,,,,100.0,100.0,0.18886256217956543,0.0,0.0,0.0,,11.788647938549882,19.388320003054098,36.975499999243766,0.0,,,,,0.0,1515758f96798c4d59ed505609e6554e95ec166bbf1607291f2693e63cabe060,ok,849,0.10000000000000009,84.90000000000008,84.80000000000001,0,0.45973287015556585,0.25399520993232727,849,,,,,,,goal_map_free_cell_count_mismatch
i_shape,42,5,89,True,545,frozen,,0.593407,0.0,0.012821,0.0,546.0,,,,0.6818244514455362,2.000000014901161,2.223519645697739,2730,12754,42210,.,team_ablation,Frontier,agent_5_team_ablation/i_shape_seed_42_089,True,100.0,,,,,,,100.0,98.71794871794873,0.4559406936168671,0.0,0.0,0.0,,16.285370146417982,28.976199999306115,86.8657999963034,0.0,,,,,0.0,04bd1b0b422ec121bced54b40ec74a19f02d8e6a14730bd739558831f9ad58b7,ok,546,0.10000000000000053,54.60000000000029,54.5,0,0.5690848043550065,0.49771474301815033,546,C:\Users\grape\OneDrive\Multi_Robot_System\maps\i_shape\map_089.png,5.0,1.0,0.1558,,,
i_shape,64,5,3,True,956,frozen,,0.858934,0.0,0.0,0.0,957.0,,,,0.43671270018460306,1.0374850116444139,2.23369108488761,4785,25521,41483,.,team_ablation,Frontier,agent_5_team_ablation/i_shape_seed_64_003,False,100.0,,,,,,,100.0,100.0,-1.728534698486328e-06,0.0,0.0,0.0,,13.439764890414342,25.38703999307472,42.52099999575876,0.0,,,,,0.0,61da65746a30b3e8b3e47be0038ffacff856a466c6f3c4139e3e334f1ee81fce,ok,957,0.10000000000000006,95.70000000000006,95.6,0,0.40712723908254966,2.956390380859378e-06,957,C:\Users\grape\OneDrive\Multi_Robot_System\maps\i_shape\map_003.png,5.0,1.0,0.17034,,,
i_shape,64,5,15,True,972,frozen,,0.886948,0.0,0.0,0.0,973.0,,,,0.36277144858118443,1.0601141025781617,2.000000014901161,4865,23228,41213,.,team_ablation,Frontier,agent_5_team_ablation/i_shape_seed_64_015,False,100.0,,,,,,,100.0,100.0,0.11712855100631712,0.0,0.0,0.0,,14.561421171527424,25.43444000475574,45.13099999167025,0.0,,,,,0.0,698ecd0e5ed70a2da3216c0036eb6da9464b877aa9f8e00d7d30d16b227d3a7b,ok,973,0.10000000000000002,97.30000000000003,97.2,0,0.4468939820455745,0.20577046275138855,973,C:\Users\grape\OneDrive\Multi_Robot_System\maps\i_shape\map_015.png,5.0,1.0,0.17574,,,
i_shape,64,5,44,True,776,frozen,,0.728443,0.0,0.0,0.0,777.0,,,,0.5431245931565937,1.8843557046320523,2.2185368049963103,3885,21832,41535,.,team_ablation,Frontier,agent_5_team_ablation/i_shape_seed_64_044,False,100.0,,,,,,,100.0,100.0,0.24525165557861328,0.0,0.0,0.0,,17.270726383827174,32.031820004340254,57.626399997388944,0.0,,,,,0.0,aca9488abdda87584c319c7223e2518aa097cc02001352d7ca46b6f3780f543f,ok,777,0.10000000000000053,77.70000000000041,77.6,0,0.5745370904297749,0.438604462146759,777,C:\Users\grape\OneDrive\Multi_Robot_System\maps\i_shape\map_044.png,5.0,1.0,0.1693,,,
i_shape,64,5,68,True,1524,frozen,,0.89377,0.0,0.0,0.0,1525.0,,,,0.3965394234039203,1.2193135250288822,2.12408069387566,7625,32067,41694,.,team_ablation,Frontier,agent_5_team_ablation/i_shape_seed_64_068,False,100.0,,,,,,,100.0,100.0,0.116016685962677,0.0,0.0,0.0,,14.454371147602034,25.246200006222352,83.5196999978507,0.0,,,,,0.0,7d21bf153815c5eff829ed4b876ee0ce3068be9c12c4251cdcbe31baa90b0de3,ok,1525,0.09999999999999964,152.49999999999946,152.4,0,0.5293101699430435,0.19020467996597287,1525,,,,,,,goal_map_free_cell_count_mismatch
i_shape,64,5,84,True,848,goal,,0.98351,0.0,0.0,0.0,849.0,,,,0.3535672469277264,1.0001440776870536,2.269937235743449,4245,35315,42528,.,team_ablation,Frontier,agent_5_team_ablation/i_shape_seed_64_084,False,100.0,,,,,,,100.0,100.0,0.18886256217956543,0.0,0.0,0.0,,13.292682449997306,22.794360000989393,125.34610000147947,0.11778563015312131,,,,,0.0,1515758f96798c4d59ed505609e6554e95ec166bbf1607291f2693e63cabe060,ok,849,0.10000000000000009,84.90000000000008,84.80000000000001,0,0.45973287015556585,0.25399520993232727,849,,,,,,,goal_map_free_cell_count_mismatch
i_shape,64,5,89,True,545,frozen,,0.593407,0.0,0.012821,0.0,546.0,,,,0.6818244514455362,2.000000014901161,2.223519645697739,2730,12754,42210,.,team_ablation,Frontier,agent_5_team_ablation/i_shape_seed_64_089,False,100.0,,,,,,,100.0,98.71794871794873,0.4559406936168671,0.0,0.0,0.0,,17.035646703370997,29.25712499563815,100.60560000420082,0.18315018315018314,,,,,0.0,04bd1b0b422ec121bced54b40ec74a19f02d8e6a14730bd739558831f9ad58b7,ok,546,0.10000000000000053,54.60000000000029,54.5,0,0.5690848043550065,0.49771474301815033,546,C:\Users\grape\OneDrive\Multi_Robot_System\maps\i_shape\map_089.png,5.0,1.0,0.1558,,,
i_shape,91,5,3,True,956,frozen,,0.858934,0.0,0.0,0.0,957.0,,,,0.43671270018460306,1.0374850116444139,2.23369108488761,4785,25521,41483,.,team_ablation,Frontier,agent_5_team_ablation/i_shape_seed_91_003,False,100.0,,,,,,,100.0,100.0,-1.728534698486328e-06,0.0,0.0,0.0,,13.616286311271239,26.312340007279996,77.52320000145119,0.0,,,,,0.0,61da65746a30b3e8b3e47be0038ffacff856a466c6f3c4139e3e334f1ee81fce,ok,957,0.10000000000000006,95.70000000000006,95.6,0,0.40712723908254966,2.956390380859378e-06,957,C:\Users\grape\OneDrive\Multi_Robot_System\maps\i_shape\map_003.png,5.0,1.0,0.17034,,,
i_shape,91,5,15,True,972,frozen,,0.886948,0.0,0.0,0.0,973.0,,,,0.36277144858118443,1.0601141025781617,2.000000014901161,4865,23228,41213,.,team_ablation,Frontier,agent_5_team_ablation/i_shape_seed_91_015,False,100.0,,,,,,,100.0,100.0,0.11712855100631712,0.0,0.0,0.0,,14.465978931406974,26.75120000494644,96.1325999960536,0.0,,,,,0.0,698ecd0e5ed70a2da3216c0036eb6da9464b877aa9f8e00d7d30d16b227d3a7b,ok,973,0.10000000000000002,97.30000000000003,97.2,0,0.4468939820455745,0.20577046275138855,973,C:\Users\grape\OneDrive\Multi_Robot_System\maps\i_shape\map_015.png,5.0,1.0,0.17574,,,
i_shape,91,5,44,True,776,frozen,,0.728443,0.0,0.0,0.0,777.0,,,,0.5431245931565937,1.8843557046320523,2.2185368049963103,3885,21832,41535,.,team_ablation,Frontier,agent_5_team_ablation/i_shape_seed_91_044,False,100.0,,,,,,,100.0,100.0,0.24525165557861328,0.0,0.0,0.0,,16.273157915161587,28.60351999406702,112.78080000192858,0.1287001287001287,,,,,0.0,aca9488abdda87584c319c7223e2518aa097cc02001352d7ca46b6f3780f543f,ok,777,0.10000000000000053,77.70000000000041,77.6,0,0.5745370904297749,0.438604462146759,777,C:\Users\grape\OneDrive\Multi_Robot_System\maps\i_shape\map_044.png,5.0,1.0,0.1693,,,
i_shape,91,5,68,True,1524,frozen,,0.89377,0.0,0.0,0.0,1525.0,,,,0.3965394234039203,1.2193135250288822,2.12408069387566,7625,32067,41694,.,team_ablation,Frontier,agent_5_team_ablation/i_shape_seed_91_068,False,100.0,,,,,,,100.0,100.0,0.116016685962677,0.0,0.0,0.0,,13.07625363927266,23.646159996860654,91.60569999949075,0.0,,,,,0.0,7d21bf153815c5eff829ed4b876ee0ce3068be9c12c4251cdcbe31baa90b0de3,ok,1525,0.09999999999999964,152.49999999999946,152.4,0,0.5293101699430435,0.19020467996597287,1525,,,,,,,goal_map_free_cell_count_mismatch
i_shape,91,5,84,True,848,goal,,0.98351,0.0,0.0,0.0,849.0,,,,0.3535672469277264,1.0001440776870536,2.269937235743449,4245,35315,42528,.,team_ablation,Frontier,agent_5_team_ablation/i_shape_seed_91_084,False,100.0,,,,,,,100.0,100.0,0.18886256217956543,0.0,0.0,0.0,,12.475307302716631,21.4942999969935,125.36270001146477,0.11778563015312131,,,,,0.0,1515758f96798c4d59ed505609e6554e95ec166bbf1607291f2693e63cabe060,ok,849,0.10000000000000009,84.90000000000008,84.80000000000001,0,0.45973287015556585,0.25399520993232727,849,,,,,,,goal_map_free_cell_count_mismatch
i_shape,91,5,89,True,545,frozen,,0.593407,0.0,0.012821,0.0,546.0,,,,0.6818244514455362,2.000000014901161,2.223519645697739,2730,12754,42210,.,team_ablation,Frontier,agent_5_team_ablation/i_shape_seed_91_089,False,100.0,,,,,,,100.0,98.71794871794873,0.4559406936168671,0.0,0.0,0.0,,16.790916666610467,31.76770000209217,58.159099993645206,0.0,,,,,0.0,04bd1b0b422ec121bced54b40ec74a19f02d8e6a14730bd739558831f9ad58b7,ok,546,0.10000000000000053,54.60000000000029,54.5,0,0.5690848043550065,0.49771474301815033,546,C:\Users\grape\OneDrive\Multi_Robot_System\maps\i_shape\map_089.png,5.0,1.0,0.1558,,,
square,120,5,34,True,3365,goal,,0.928996,0.0,0.0,0.069519,3366.0,,,,0.40014159445005526,1.0146018385483313,2.8284271352829022,16830,72325,80530,.,team_ablation,Frontier,agent_5_team_ablation/square_seed_120_034,False,93.0481,,,,,,,93.04812834224599,100.0,-0.5678480863571167,23.39999999999867,7.299999999999585,0.2990214221556906,0.11077854674086611,12.982971805979403,25.05980001296848,98.65539998281747,0.0,336.5,0.2,1.0057650989660745,2.125812673568726,2.834224598302626e-05,d40d305b932551ec1c89f7a00c2c740891e75d88190d3e6aabbbae3a22919ade,ok,3366,0.09999999999999432,336.59999999998087,336.5,234,0.21612793830485125,-0.008319184184074402,3366,C:\Users\grape\OneDrive\Multi_Robot_System\maps\square\map_034.png,5.0,5.0,0.67788,3365.0,1.0,
square,120,5,49,True,459,frozen,,0.784783,0.0,0.0,0.0,460.0,,,,0.30143841528224774,1.2055654682378796,2.0306503742715676,2300,17803,63573,.,team_ablation,Frontier,agent_5_team_ablation/square_seed_120_049,False,100.0,,,,,,,100.0,100.0,0.5122041702270508,0.0,0.0,0.0,,14.614891303822136,29.305365002073813,51.72920000040904,0.0,,,,,0.0,14db41ba2122cc5650fc46db07e307c5716edc92f09d1128a4392cbcd8a8853c,ok,460,0.10000000000000009,46.00000000000004,45.900000000000006,0,0.5969894055439078,0.5402795195579527,460,C:\Users\grape\OneDrive\Multi_Robot_System\maps\square\map_049.png,5.0,5.0,0.745708,,,
square,120,5,69,True,2084,frozen,,0.594245,0.0,0.0,0.007674,2085.0,,,,0.537426410880835,1.5059864834401242,2.513242804280776,10425,42643,69676,.,team_ablation,Frontier,agent_5_team_ablation/square_seed_120_069,False,99.2326,,,,,,,99.2326139088729,100.0,-0.02881091833114624,1.599999999999909,1.599999999999909,0.017808607396098686,0.01896040141582489,16.777646954660472,31.581639993237328,110.95959998783655,0.28776978417266186,,,,,1.390887290142473e-05,ab391701cbcaf7889642f0da8825817974b66ca2d49191bd78c6c4794dc04038,ok,2085,0.09999999999999432,208.49999999998815,208.4,16,0.41430924969325533,0.07553383111953736,2085,C:\Users\grape\OneDrive\Multi_Robot_System\maps\square\map_069.png,5.0,5.0,0.721296,,,
square,140,5,34,True,3365,goal,,0.928996,0.0,0.0,0.069519,3366.0,,,,0.40014159445005526,1.0146018385483313,2.8284271352829022,16830,72325,80530,.,team_ablation,Frontier,agent_5_team_ablation/square_seed_140_034,False,93.0481,,,,,,,93.04812834224599,100.0,-0.5678480863571167,23.39999999999867,7.299999999999585,0.2990214221556906,0.11077854674086611,13.220111913633543,25.880550005240362,104.11399998702107,0.029708853238265005,336.5,0.2,1.0057650989660745,2.125812673568726,2.834224598302626e-05,d40d305b932551ec1c89f7a00c2c740891e75d88190d3e6aabbbae3a22919ade,ok,3366,0.09999999999999432,336.59999999998087,336.5,234,0.21612793830485125,-0.008319184184074402,3366,C:\Users\grape\OneDrive\Multi_Robot_System\maps\square\map_034.png,5.0,5.0,0.67788,3365.0,1.0,
square,140,5,49,True,459,frozen,,0.784783,0.0,0.0,0.0,460.0,,,,0.30143841528224774,1.2055654682378796,2.0306503742715676,2300,17803,63573,.,team_ablation,Frontier,agent_5_team_ablation/square_seed_140_049,False,100.0,,,,,,,100.0,100.0,0.5122041702270508,0.0,0.0,0.0,,14.643828260760412,29.86311499844304,97.4170999834314,0.0,,,,,0.0,14db41ba2122cc5650fc46db07e307c5716edc92f09d1128a4392cbcd8a8853c,ok,460,0.10000000000000009,46.00000000000004,45.900000000000006,0,0.5969894055439078,0.5402795195579527,460,C:\Users\grape\OneDrive\Multi_Robot_System\maps\square\map_049.png,5.0,5.0,0.745708,,,
square,140,5,69,True,2084,frozen,,0.594245,0.0,0.0,0.007674,2085.0,,,,0.537426410880835,1.5059864834401242,2.513242804280776,10425,42643,69676,.,team_ablation,Frontier,agent_5_team_ablation/square_seed_140_069,False,99.2326,,,,,,,99.2326139088729,100.0,-0.02881091833114624,1.599999999999909,1.599999999999909,0.017808607396098686,0.01896040141582489,16.864885131764837,31.525740004144605,114.0021000173874,0.19184652278177458,,,,,1.390887290142473e-05,ab391701cbcaf7889642f0da8825817974b66ca2d49191bd78c6c4794dc04038,ok,2085,0.09999999999999432,208.49999999998815,208.4,16,0.41430924969325533,0.07553383111953736,2085,C:\Users\grape\OneDrive\Multi_Robot_System\maps\square\map_069.png,5.0,5.0,0.721296,,,
square,42,5,34,True,3365,goal,,0.928996,0.0,0.0,0.069519,3366.0,,,,0.40014159445005526,1.0146018385483313,2.8284271352829022,16830,72325,80530,.,team_ablation,Frontier,agent_5_team_ablation/square_seed_42_034,True,93.0481,,,,,,,93.04812834224599,100.0,-0.5678480863571167,23.39999999999867,7.299999999999585,0.2990214221556906,0.11077854674086611,12.924398544260862,24.019300009967992,88.6323999875458,0.0,336.5,0.2,1.0057650989660745,2.125812673568726,2.834224598302626e-05,d40d305b932551ec1c89f7a00c2c740891e75d88190d3e6aabbbae3a22919ade,ok,3366,0.09999999999999432,336.59999999998087,336.5,234,0.21612793830485125,-0.008319184184074402,3366,C:\Users\grape\OneDrive\Multi_Robot_System\maps\square\map_034.png,5.0,5.0,0.67788,3365.0,1.0,
square,42,5,49,True,459,frozen,,0.784783,0.0,0.0,0.0,460.0,,,,0.30143841528224774,1.2055654682378796,2.0306503742715676,2300,17803,63573,.,team_ablation,Frontier,agent_5_team_ablation/square_seed_42_049,True,100.0,,,,,,,100.0,100.0,0.5122041702270508,0.0,0.0,0.0,,14.292522608751746,28.128165002271988,47.289900001487695,0.0,,,,,0.0,14db41ba2122cc5650fc46db07e307c5716edc92f09d1128a4392cbcd8a8853c,ok,460,0.10000000000000009,46.00000000000004,45.900000000000006,0,0.5969894055439078,0.5402795195579527,460,C:\Users\grape\OneDrive\Multi_Robot_System\maps\square\map_049.png,5.0,5.0,0.745708,,,
square,42,5,69,True,2084,frozen,,0.594245,0.0,0.0,0.007674,2085.0,,,,0.537426410880835,1.5059864834401242,2.513242804280776,10425,42643,69676,.,team_ablation,Frontier,agent_5_team_ablation/square_seed_42_069,True,99.2326,,,,,,,99.2326139088729,100.0,-0.02881091833114624,1.599999999999909,1.599999999999909,0.017808607396098686,0.01896040141582489,16.921748633134097,29.83833999896887,116.50550000194924,0.28776978417266186,,,,,1.390887290142473e-05,ab391701cbcaf7889642f0da8825817974b66ca2d49191bd78c6c4794dc04038,ok,2085,0.09999999999999432,208.49999999998815,208.4,16,0.41430924969325533,0.07553383111953736,2085,C:\Users\grape\OneDrive\Multi_Robot_System\maps\square\map_069.png,5.0,5.0,0.721296,,,
square,64,5,34,True,3365,goal,,0.928996,0.0,0.0,0.069519,3366.0,,,,0.40014159445005526,1.0146018385483313,2.8284271352829022,16830,72325,80530,.,team_ablation,Frontier,agent_5_team_ablation/square_seed_64_034,False,93.0481,,,,,,,93.04812834224599,100.0,-0.5678480863571167,23.39999999999867,7.299999999999585,0.2990214221556906,0.11077854674086611,14.877221806187231,27.780949993029935,100.2780000126222,0.029708853238265005,336.5,0.2,1.0057650989660745,2.125812673568726,2.834224598302626e-05,d40d305b932551ec1c89f7a00c2c740891e75d88190d3e6aabbbae3a22919ade,ok,3366,0.09999999999999432,336.59999999998087,336.5,234,0.21612793830485125,-0.008319184184074402,3366,C:\Users\grape\OneDrive\Multi_Robot_System\maps\square\map_034.png,5.0,5.0,0.67788,3365.0,1.0,
square,64,5,49,True,459,frozen,,0.784783,0.0,0.0,0.0,460.0,,,,0.30143841528224774,1.2055654682378796,2.0306503742715676,2300,17803,63573,.,team_ablation,Frontier,agent_5_team_ablation/square_seed_64_049,False,100.0,,,,,,,100.0,100.0,0.5122041702270508,0.0,0.0,0.0,,16.72934456446851,32.35773501146467,88.02869998908136,0.0,,,,,0.0,14db41ba2122cc5650fc46db07e307c5716edc92f09d1128a4392cbcd8a8853c,ok,460,0.10000000000000009,46.00000000000004,45.900000000000006,0,0.5969894055439078,0.5402795195579527,460,C:\Users\grape\OneDrive\Multi_Robot_System\maps\square\map_049.png,5.0,5.0,0.745708,,,
square,64,5,69,True,2084,frozen,,0.594245,0.0,0.0,0.007674,2085.0,,,,0.537426410880835,1.5059864834401242,2.513242804280776,10425,42643,69676,.,team_ablation,Frontier,agent_5_team_ablation/square_seed_64_069,False,99.2326,,,,,,,99.2326139088729,100.0,-0.02881091833114624,1.599999999999909,1.599999999999909,0.017808607396098686,0.01896040141582489,20.44011486811609,35.0951000029454,117.59229999734087,0.4316546762589928,,,,,1.390887290142473e-05,ab391701cbcaf7889642f0da8825817974b66ca2d49191bd78c6c4794dc04038,ok,2085,0.09999999999999432,208.49999999998815,208.4,16,0.41430924969325533,0.07553383111953736,2085,C:\Users\grape\OneDrive\Multi_Robot_System\maps\square\map_069.png,5.0,5.0,0.721296,,,
square,91,5,34,True,3365,goal,,0.928996,0.0,0.0,0.069519,3366.0,,,,0.40014159445005526,1.0146018385483313,2.8284271352829022,16830,72325,80530,.,team_ablation,Frontier,agent_5_team_ablation/square_seed_91_034,False,93.0481,,,,,,,93.04812834224599,100.0,-0.5678480863571167,23.39999999999867,7.299999999999585,0.2990214221556906,0.11077854674086611,12.89142067741214,23.89607500299462,108.10929999570362,0.029708853238265005,336.5,0.2,1.0057650989660745,2.125812673568726,2.834224598302626e-05,d40d305b932551ec1c89f7a00c2c740891e75d88190d3e6aabbbae3a22919ade,ok,3366,0.09999999999999432,336.59999999998087,336.5,234,0.21612793830485125,-0.008319184184074402,3366,C:\Users\grape\OneDrive\Multi_Robot_System\maps\square\map_034.png,5.0,5.0,0.67788,3365.0,1.0,
square,91,5,49,True,459,frozen,,0.784783,0.0,0.0,0.0,460.0,,,,0.30143841528224774,1.2055654682378796,2.0306503742715676,2300,17803,63573,.,team_ablation,Frontier,agent_5_team_ablation/square_seed_91_049,False,100.0,,,,,,,100.0,100.0,0.5122041702270508,0.0,0.0,0.0,,14.592722826479156,29.082565003773183,46.01940000429749,0.0,,,,,0.0,14db41ba2122cc5650fc46db07e307c5716edc92f09d1128a4392cbcd8a8853c,ok,460,0.10000000000000009,46.00000000000004,45.900000000000006,0,0.5969894055439078,0.5402795195579527,460,C:\Users\grape\OneDrive\Multi_Robot_System\maps\square\map_049.png,5.0,5.0,0.745708,,,
square,91,5,69,True,2084,frozen,,0.594245,0.0,0.0,0.007674,2085.0,,,,0.537426410880835,1.5059864834401242,2.513242804280776,10425,42643,69676,.,team_ablation,Frontier,agent_5_team_ablation/square_seed_91_069,False,99.2326,,,,,,,99.2326139088729,100.0,-0.02881091833114624,1.599999999999909,1.599999999999909,0.017808607396098686,0.01896040141582489,16.69628187061072,29.80990000651218,119.64249999437016,0.3357314148681055,,,,,1.390887290142473e-05,ab391701cbcaf7889642f0da8825817974b66ca2d49191bd78c6c4794dc04038,ok,2085,0.09999999999999432,208.49999999998815,208.4,16,0.41430924969325533,0.07553383111953736,2085,C:\Users\grape\OneDrive\Multi_Robot_System\maps\square\map_069.png,5.0,5.0,0.721296,,,
custom,120,7,1,True,557,goal,,0.922939,0.0,0.0,0.0,558.0,,,,0.33558873297370373,0.8767450107472542,2.000000014901161,3906,28990,35940,.,default,Full,agent_7_default/custom_seed_120_001,True,100.0,,,,,,,100.0,100.0,0.3594071865081787,0.0,0.0,0.0,,14.102125448735153,26.151009999739472,49.41300000064074,0.0,55.7,0.14285714285714285,0.6818365900857106,1.8338591480255122,0.0,6114261790d0f528dfe990309e14abaad386d2b82b0d720c797b0be6e97be06f,ok,558,0.10000000000000053,55.800000000000296,55.7,0,0.530006196924008,0.4407434418797493,558,C:\Users\grape\OneDrive\Multi_Robot_System\maps\custom\map_001.png,5.0,1.0,0.2812,557.0,1.0,
custom,120,7,2,True,4142,obstacle_collision,,0.915279,0.000724,0.000724,0.097031,4143.0,,,,0.37072990059757915,1.039890343226938,2.8284271879664633,29001,131183,189167,.,default,Full,agent_7_default/custom_seed_120_002,True,90.29690000000001,,,,,,,90.29688631426502,99.8551774076756,-0.4561636447906494,40.199999999997715,12.599999999999284,0.24697834017263665,0.08830388965298287,15.491538522750428,30.013939979835403,107.76869999244808,0.09654839488293508,,,,,-1.3685734984392184e-05,7050f3dba60765e8d7289a0e1062e6683c5e9475e1925bebedb0394b223cc2d9,ok,4143,0.09999999999999432,414.2999999999764,414.2,402,0.19919095789928698,-0.02880018353462218,4143,C:\Users\grape\OneDrive\Multi_Robot_System\maps\custom\map_002.png,5.0,5.0,0.243332,,,
custom,120,7,3,True,1647,frozen,,0.871966,0.0,0.0,0.0,1648.0,,,,0.4522150820583828,1.0401617085096646,2.366500045569898,11536,47576,109925,.,default,Full,agent_7_default/custom_seed_120_003,True,100.0,,,,,,,100.0,100.0,-1.3172626495361328e-05,0.0,0.0,0.0,,15.415266990406327,31.050319990026725,110.60359998373313,0.06067961165048543,,,,,0.0,8d78b9bea524f316235db102fea3be071dccbb8ded526f27a045b422a3853bee,ok,1648,0.09999999999999787,164.7999999999965,164.7,0,0.2681696967049999,-1.3113021850585936e-05,1648,C:\Users\grape\OneDrive\Multi_Robot_System\maps\custom\map_003.png,5.0,5.0,0.5603,,,
custom,140,7,1,True,473,goal,,0.945148,0.0,0.0,0.0,474.0,,,,0.3237793341732113,0.8235172459657747,2.055093380873816,3318,26281,35940,.,default,Full,agent_7_default/custom_seed_140_001,True,100.0,,,,,,,100.0,100.0,0.23873889446258545,0.0,0.0,0.0,,13.739567721446283,24.873325006046795,91.91260000807232,0.0,47.3,0.14285714285714285,0.82844851902553,1.6121727848052978,0.0,4e3af31d29a3cdc5cd03d843ce0df2fc4520dff7be23827bb73d429a562b37f5,ok,474,0.10000000000000009,47.40000000000004,47.3,0,0.49300478084429405,0.29063466787338255,474,C:\Users\grape\OneDrive\Multi_Robot_System\maps\custom\map_001.png,5.0,1.0,0.2812,473.0,1.0,
custom,140,7,2,True,3830,goal,,0.907857,0.0,0.023754,0.028713,3831.0,,,,0.35585768602476087,1.0234269436697756,2.2865351353025507,26817,106655,189167,.,default,Full,agent_7_default/custom_seed_140_002,True,97.1287,,,,,,,97.12868702688593,97.62464108587837,-0.02160632610321045,10.999999999999375,4.999999999999716,0.013391865033828831,0.008094969662753018,15.18946658833953,29.966350019094534,114.63880000519566,0.05220569042025581,383.0,0.14285714285714285,0.48526764007166945,1.3691632270812994,-1.2973114067449387e-05,b145cc12738175947fc1de0ea879a91a8263935b1d1551454d4eade04f35806c,ok,3831,0.09999999999999432,383.0999999999782,383.0,110,0.3713433394168196,-7.772445678710938e-05,3831,C:\Users\grape\OneDrive\Multi_Robot_System\maps\custom\map_002.png,5.0,5.0,0.243332,3830.0,1.0,
custom,140,7,3,True,6329,goal,,0.943444,0.0,0.009321,0.067457,6330.0,,,,0.41924984471055887,1.0001191922105632,2.8284271352829022,44310,104517,109925,.,default,Full,agent_7_default/custom_seed_140_003,True,93.2543,,,,,,,93.25434439178515,99.06793048973144,-0.522365927696228,42.70000000000061,4.90000000000007,0.2781307563075215,0.03466067395109762,15.408564391777679,28.636764986731563,120.77989999670535,0.0631911532385466,632.9000000000001,0.14285714285714285,1.0775620271728594,1.6877599355738884,4.4391785152697594e-05,ff60a408d0d62b565af629ec53021a0d964661a5a8f77b0d7bb3c0e791b115d5,ok,6330,0.10000000000000142,633.000000000009,632.9000000000001,427,0.20129529070609364,-0.002144184708595275,6330,C:\Users\grape\OneDrive\Multi_Robot_System\maps\custom\map_003.png,5.0,5.0,0.5603,6329.0,1.0,
custom,42,7,1,True,512,goal,,0.869396,0.0,0.097466,0.017544,513.0,,,,0.37693602503519646,1.0218478768328914,2.00675819446645,3591,27397,35940,.,default,Full,agent_7_default/custom_seed_42_001,True,98.2456,,,,,,,98.24561403508771,90.25341130604289,-0.004458367824554443,0.9000000000000048,0.9000000000000048,0.002781643926014654,0.0032953818639119468,17.064166861554163,35.2513199992245,100.35860000061803,0.1949317738791423,51.2,0.14285714285714285,0.8991160242898122,1.691831293106079,1.4035087716024464e-05,c1c18fdbee48db30aa9f712415d3eb38a8312598d2d5ab701f532b468ab51062,ok,513,0.10000000000000053,51.300000000000274,51.2,9,0.39297476916285284,0.00380241870880127,513,C:\Users\grape\OneDrive\Multi_Robot_System\maps\custom\map_001.png,5.0,1.0,0.2812,512.0,1.0,
custom,42,7,2,True,6650,goal,,0.929785,0.0,0.008119,0.03849,6651.0,,,,0.3880708242508786,1.00046436088951,2.8284271352829022,46557,162398,189167,.,default,Full,agent_7_default/custom_seed_42_002,True,96.151,,,,,,,96.15095474364757,99.18809201623816,-0.13580715656280515,25.600000000002183,6.600000000000563,0.08079915790309722,0.01724210358224809,16.916248534028597,30.69579999646521,117.78599999524884,0.030070666065253347,665.0,0.14285714285714285,0.390545395442418,1.1906466007232668,-4.525635242202952e-05,e40584bacd47a8b964e6c53134b7310034e6afa3a81d47efd418c1814c88f87e,ok,6651,0.10000000000000853,665.1000000000568,665.0,256,0.22636547119182637,-0.00048288702964782715,6651,C:\Users\grape\OneDrive\Multi_Robot_System\maps\custom\map_002.png,5.0,5.0,0.243332,6650.0,1.0,
custom,42,7,3,True,2378,goal,,0.971417,0.0,0.0,0.025221,2379.0,,,,0.37362691376570084,0.9287126992057843,2.359499057914998,16653,88349,109925,.,default,Full,agent_7_default/custom_seed_42_003,True,97.47789999999999,,,,,,,97.47793190416141,100.0,-0.0037302970886230473,5.999999999999659,2.499999999999858,0.0023280482998354612,0.0021987497806549073,14.775568390032522,26.408719995379208,107.93739999644458,0.04203446826397646,237.8,0.14285714285714285,1.6298919711794169,2.919543838500976,3.190416141762853e-05,88b7e9da3f02ab889d803d68410fc48cb749a91cc658ea2b81abec953198e8aa,ok,2379,0.09999999999999432,237.89999999998648,237.8,60,0.32262086973515014,7.215142250061039e-05,2379,C:\Users\grape\OneDrive\Multi_Robot_System\maps\custom\map_003.png,5.0,5.0,0.5603,2378.0,1.0,
custom,64,7,1,True,508,goal,,0.962672,0.0,0.0,0.013752,509.0,,,,0.29736168225940507,0.8374156285287286,2.000000014901161,3563,28285,35940,.,default,Full,agent_7_default/custom_seed_64_001,True,98.62480000000001,,,,,,,98.62475442043221,100.0,-0.0016613602638244629,0.7000000000000037,0.7000000000000037,0.001037677181182639,0.0012564488819667272,15.254811394833553,23.145200000726614,99.46150000178022,0.0,50.8,0.14285714285714285,0.7599319240025112,1.3642415428161625,-4.55795677964943e-05,69c9f213d5558c83301d5d77c6711cdffaf7eb32f7cacb3b0674e6899093888e,ok,509,0.10000000000000053,50.90000000000027,50.8,7,0.3369278389016397,0.0008012413978576661,509,C:\Users\grape\OneDrive\Multi_Robot_System\maps\custom\map_001.png,5.0,1.0,0.2812,508.0,1.0,
custom,64,7,2,True,4084,goal,,0.950306,0.0,0.007589,0.070991,4085.0,,,,0.32907975977348447,0.9954515460604237,2.8284271352829022,28595,142056,189167,.,default,Full,agent_7_default/custom_seed_64_002,True,92.9009,,,,,,,92.90085679314566,99.24112607099144,-0.1944512128829956,28.99999999999835,4.39999999999975,0.11348301181959353,0.013743313016562626,17.310399192184747,30.71422000211894,102.8437999993912,0.02447980416156671,408.4,0.14285714285714285,0.5308598050822065,1.0021370561212013,-4.320685432901428e-05,90612b9d11aba9c88d8649c1292c8a1d47d6f9931035a9dd7a9d03739aab7694,ok,4085,0.09999999999999432,408.4999999999768,408.4,290,0.23313846843479022,-0.002041399478912353,4085,C:\Users\grape\OneDrive\Multi_Robot_System\maps\custom\map_002.png,5.0,5.0,0.243332,4084.0,1.0,
custom,64,7,3,True,1968,goal,,0.941595,0.0,0.0,0.029964,1969.0,,,,0.378160010657287,1.0057460526950848,2.2607493291844167,13783,77683,109925,.,default,Full,agent_7_default/custom_seed_64_003,True,97.0036,,,,,,,97.00355510411376,100.0,-0.032249271869659424,5.899999999999665,2.899999999999835,0.01990808745228234,0.009120913885407528,14.830308075264782,26.888499999768097,86.47229999769479,0.0,196.8,0.14285714285714285,1.3152786097030094,2.884343361854553,-4.489588624778662e-05,e8355a47ab13cfa2f601cf1aa224c075fea68d043fd8822a4e75dff2c3afa250,ok,1969,0.09999999999999432,196.8999999999888,196.8,59,0.31863558664728747,0.0012763977050781255,1969,C:\Users\grape\OneDrive\Multi_Robot_System\maps\custom\map_003.png,5.0,5.0,0.5603,1968.0,1.0,
custom,91,7,1,True,457,goal,,0.967249,0.0,0.0,0.0,458.0,,,,0.27692205481190085,0.8206710776991024,1.5919142320207105,3206,27544,35940,.,default,Full,agent_7_default/custom_seed_91_001,True,100.0,,,,,,,100.0,100.0,0.1620369553565979,0.0,0.0,0.0,,14.752562663631766,24.107324996293755,104.62099999858764,0.21834061135371177,45.7,0.14285714285714285,0.8311708504813059,1.4118618392944335,0.0,3cbbbbdb5490aded3c1bcd6b58a04af7de4b1cf3231a2acfab37cf69116c6731,ok,458,0.10000000000000009,45.80000000000004,45.7,0,0.49983220453085336,0.25816096514463427,458,C:\Users\grape\OneDrive\Multi_Robot_System\maps\custom\map_001.png,5.0,1.0,0.2812,457.0,1.0,
custom,91,7,2,True,3824,goal,,0.884183,0.0,0.08732,0.138039,3825.0,,,,0.40507472766674835,1.0714600387049904,2.8284271352829022,26775,138012,189167,.,default,Full,agent_7_default/custom_seed_91_002,True,86.1961,,,,,,,86.19607843137254,91.26797385620915,-0.3784984350204468,52.799999999997,11.299999999999358,0.20920683460846945,0.042557103390043434,15.6899461961101,31.859619998431295,121.71329999546288,0.0784313725490196,382.4,0.14285714285714285,1.2635940873186426,2.5766267447581694,-2.1568627460055723e-05,0ed3e5176770f2aa9a0619f72add20ca08d58d0da991c8103896017cd695bcf3,ok,3825,0.09999999999999432,382.4999999999783,382.4,528,0.17918437720903385,-0.02845288515090942,3825,C:\Users\grape\OneDrive\Multi_Robot_System\maps\custom\map_002.png,5.0,5.0,0.243332,3824.0,1.0,
custom,91,7,3,True,3911,goal,,0.889826,0.0,0.00409,0.004857,3912.0,,,,0.40707977192879674,1.014599723094947,2.599491009829816,27384,104403,109925,.,default,Full,agent_7_default/custom_seed_91_003,True,99.5143,,,,,,,99.51431492842536,99.59100204498978,-0.0013256072998046875,1.899999999999892,0.8999999999999488,0.0008280759937208115,0.0011451118870785361,15.60608108391456,30.99693000149272,111.16649999894435,0.051124744376278126,391.1,0.14285714285714285,1.9063603673662455,3.0958424568176266,1.4928425358107233e-05,f9cc40aa9eace5f937685bfa450561aee3b591221aadedda8157e11548471223,ok,3912,0.09999999999999432,391.19999999997776,391.1,19,0.2239550238204758,-2.2232532501220703e-05,3912,C:\Users\grape\OneDrive\Multi_Robot_System\maps\custom\map_003.png,5.0,5.0,0.5603,3911.0,1.0,
i_shape,120,7,3,True,762,goal,,0.990826,0.0,0.0,0.0,763.0,,,,0.36413582726565386,1.0004420056488963,2.254357942274995,5341,33309,41483,.,default,Full,agent_7_default/i_shape_seed_120_003,True,100.0,,,,,,,100.0,100.0,-0.00039231777191162104,0.0,0.0,0.0,,13.287249803297444,21.279889979632568,88.55259997653776,0.0,76.2,0.14285714285714285,0.6245757579803467,1.3257806777954104,0.0,84883c74fc29fbdefc4d950b3daf1b44e9b6eb01a90bd6b5c25638ba320cc210,ok,763,0.10000000000000053,76.30000000000041,76.2,0,0.3122785789782223,0.003530007600784302,763,C:\Users\grape\OneDrive\Multi_Robot_System\maps\i_shape\map_003.png,5.0,1.0,0.17034,762.0,1.0,
i_shape,120,7,15,True,634,goal,,0.935433,0.0,0.0,0.0,635.0,,,,0.39725020070329026,0.989655890926241,2.0896482403401975,4445,34313,41213,.,default,Full,agent_7_default/i_shape_seed_120_015,True,100.0,,,,,,,100.0,100.0,0.28684073686599726,0.0,0.0,0.0,,14.126350550488826,25.452490008319714,105.49480002373456,0.15748031496062992,63.400000000000006,0.14285714285714285,0.47803453717912936,1.0194340229034422,0.0,afbc1f216326e1b3ee1c57dace9ce9ae3f122d6552219e9d582ab83e2da2ce51,ok,635,0.10000000000000053,63.50000000000034,63.400000000000006,0,0.4489789184622877,0.2898585259914398,635,C:\Users\grape\OneDrive\Multi_Robot_System\maps\i_shape\map_015.png,5.0,1.0,0.17574,634.0,1.0,
i_shape,120,7,44,True,728,goal,,0.954733,0.0,0.0,0.0,729.0,,,,0.444287536323618,0.955738214463145,2.686848962437049,5103,33337,41535,.,default,Full,agent_7_default/i_shape_seed_120_044,True,100.0,,,,,,,100.0,100.0,0.3648024201393128,0.0,0.0,0.0,,14.24194266189232,25.210640009026985,47.94560000300408,0.0,72.79999999999998,0.14285714285714285,0.5242987428392681,0.8394017696380613,0.0,0283ec400abb297409f3c02dcc330184ab0a3f9e3250f3b4a1ffa64ac26d7e54,ok,729,0.10000000000000053,72.90000000000039,72.79999999999998,0,0.5537953097552102,0.4344450175762177,729,C:\Users\grape\OneDrive\Multi_Robot_System\maps\i_shape\map_044.png,5.0,1.0,0.1693,728.0,1.0,
i_shape,120,7,68,True,532,goal,,0.95122,0.0,0.0,0.0,533.0,,,,0.3097985881783999,0.975784519651415,2.254357942274995,3731,33877,41694,.,default,Full,agent_7_default/i_shape_seed_120_068,True,100.0,,,,,,,100.0,100.0,0.07434427738189697,0.0,0.0,0.0,,13.962945591090037,24.202880007214848,46.246299985796206,0.0,,,,,0.0,736f5637b915c5e0d61efbb0675c213983da4fb95fb881053c6dea184ec82605,ok,533,0.10000000000000053,53.30000000000028,53.2,0,0.3883890060613571,0.13718559741973876,533,,,,,,,goal_map_free_cell_count_mismatch
i_shape,120,7,84,True,542,goal,,0.926335,0.0,0.0,0.0,543.0,,,,0.3807107204050365,1.0203215503639738,2.254357942274995,3801,33975,42528,.,default,Full,agent_7_default/i_shape_seed_120_084,True,100.0,,,,,,,100.0,100.0,0.11639708280563354,0.0,0.0,0.0,,14.277407182569222,26.719130019773726,102.56320002372377,0.1841620626151013,,,,,0.0,4e0f54f0f9eaa00c0d9c4fbfc1231f9ebd86e4b4a5e3a634efca22085f445c6c,ok,543,0.10000000000000053,54.30000000000029,54.2,0,0.45744658937989896,0.23209783136844636,543,,,,,,,goal_map_free_cell_count_mismatch
i_shape,120,7,89,True,766,goal,,0.925684,0.0,0.0,0.0,767.0,,,,0.4143215919090741,1.0020525008336592,2.239353495649345,5369,35417,42210,.,default,Full,agent_7_default/i_shape_seed_120_089,True,100.0,,,,,,,100.0,100.0,0.28039002418518066,0.0,0.0,0.0,,14.442563363238005,27.41288000834172,47.45889999321662,0.0,76.6,0.14285714285714285,0.384123808997018,0.828184652328491,0.0,4501e9d9078e276eb207b8ca31d14512db9baa32afa532c001c112d045b87bfd,ok,767,0.10000000000000053,76.70000000000041,76.6,0,0.5152740602076753,0.3553827047348022,767,C:\Users\grape\OneDrive\Multi_Robot_System\maps\i_shape\map_089.png,5.0,1.0,0.1558,766.0,1.0,
i_shape,140,7,3,True,758,goal,,0.938076,0.0,0.0,0.0,759.0,,,,0.4281956706992942,1.0412865524781707,2.521582471419541,5313,34218,41483,.,default,Full,agent_7_default/i_shape_seed_140_003,True,100.0,,,,,,,100.0,100.0,0.19747424125671384,0.0,0.0,0.0,,14.731359289457828,26.975849989685237,47.770500008482486,0.0,75.79999999999998,0.14285714285714285,0.4687569890703473,0.8574514865875242,0.0,b1e22b8a1203161ddc3787902af6b95c50e42b3b57212b10a0e4f529473bb20e,ok,759,0.10000000000000053,75.9000000000004,75.79999999999998,0,0.4881719800794549,0.2713008284568786,759,C:\Users\grape\OneDrive\Multi_Robot_System\maps\i_shape\map_003.png,5.0,1.0,0.17034,758.0,1.0,
i_shape,140,7,15,True,555,goal,,0.976619,0.0,0.0,0.0,556.0,,,,0.3612758029685267,0.8740794922458068,2.1393614071783063,3892,34138,41213,.,default,Full,agent_7_default/i_shape_seed_140_015,True,100.0,,,,,,,100.0,100.0,0.22182416915893555,0.0,0.0,0.0,,14.80504514416261,25.674049989902418,110.80280001624487,0.1798561151079137,55.5,0.14285714285714285,0.582753665106637,1.3087790489196776,0.0,92f4ee685c7d781ee7134e8b686c19cc419c3d55d9efecdd79ed5e9e90cc0daa,ok,556,0.10000000000000053,55.60000000000029,55.5,0,0.4217227146887093,0.24302605539560315,556,C:\Users\grape\OneDrive\Multi_Robot_System\maps\i_shape\map_015.png,5.0,1.0,0.17574,555.0,1.0,
i_shape,140,7,44,True,715,goal,,0.874302,0.0,0.0,0.0,716.0,,,,0.4960102369500279,1.1690756542651697,2.067920507746589,5012,33913,41535,.,default,Full,agent_7_default/i_shape_seed_140_044,True,100.0,,,,,,,100.0,100.0,0.06940066814422607,0.0,0.0,0.0,,15.954587151084745,31.694774988864083,90.13839997351168,0.0,71.5,0.14285714285714285,0.8709857531956263,1.741159963607788,0.0,3b625d55bcc7f851e9cc1c38bdb261711d19dcaa56e24909b31c07e6d99818fd,ok,716,0.10000000000000053,71.60000000000038,71.5,0,0.4694586168121359,0.16771388053894043,716,C:\Users\grape\OneDrive\Multi_Robot_System\maps\i_shape\map_044.png,5.0,1.0,0.1693,715.0,1.0,
i_shape,140,7,68,True,709,goal,,0.905634,0.0,0.0,0.0,710.0,,,,0.4139385282415999,1.0144788526328268,2.268409603950104,4970,34013,41694,.,default,Full,agent_7_default/i_shape_seed_140_068,True,100.0,,,,,,,100.0,100.0,0.3099474608898163,0.0,0.0,0.0,,15.518951268692856,29.59865999873727,57.77079999097623,0.0,,,,,0.0,8c7863350374bf702ffaa646a5d0667e7eade925a706676d2d323b7c80278968,ok,710,0.10000000000000053,71.00000000000038,70.9,0,0.5155895848929043,0.34838507920503614,710,,,,,,,goal_map_free_cell_count_mismatch
i_shape,140,7,84,True,630,goal,,0.982567,0.0,0.0,0.0,631.0,,,,0.3705641330584372,0.9989064514058242,1.927657004833948,4417,34968,42528,.,default,Full,agent_7_default/i_shape_seed_140_084,True,100.0,,,,,,,100.0,100.0,0.4328082799911499,0.0,0.0,0.0,,14.990053249123799,25.95970001129899,97.25699998671189,0.0,,,,,0.0,2598ed889e41c8adee82021141b735175e9a6f17e7ab5b09958d7d7a4b35f0ee,ok,631,0.10000000000000053,63.100000000000335,63.0,0,0.5503071517744079,0.4511234611272812,631,,,,,,,goal_map_free_cell_count_mismatch
i_shape,140,7,89,True,696,goal,,0.949785,0.0,0.0,0.0,697.0,,,,0.35009547465851243,0.9470948833624573,2.095002581218833,4879,34639,42210,.,default,Full,agent_7_default/i_shape_seed_140_089,True,100.0,,,,,,,100.0,100.0,0.10743814706802368,0.0,0.0,0.0,,15.022620372966912,26.62144000641999,87.72110001882538,0.0,69.60000000000001,0.14285714285714285,0.7592942101614816,1.5641444206237791,0.0,2dbfd99cae60bc1548b7ce44a6309e74b461cf4508b3e79769e5f5fe1dc28b28,ok,697,0.10000000000000053,69.70000000000037,69.60000000000001,0,0.5024935802821621,0.3520907461643219,697,C:\Users\grape\OneDrive\Multi_Robot_System\maps\i_shape\map_089.png,5.0,1.0,0.1558,696.0,1.0,
i_shape,42,7,3,True,1187,goal,,,0.0,0.010943,0.012626,1188.0,,,,0.6209672211705984,1.01228198256857,2.14812859434024,8316,34005,41483,.,default,Full,agent_7_default/i_shape_seed_42_003,True,98.7374,,,,,,,98.73737373737373,98.9057239057239,-0.004799246788024902,1.4999999999999947,1.4999999999999947,0.0029939269932400814,0.003318345546722412,16.17335084176179,31.695554999987483,91.95870000075955,0.0,118.7,0.14285714285714285,0.7202298368726459,1.6323128223419192,-2.6262626263928723e-05,8242d3b927aabdcf5efb836562c3187bc593dfee133a30d51ebdf769f62f3932,ok,1188,0.09999999999999964,118.79999999999959,118.7,15,0.4068926279793685,0.0005455434322357178,1188,C:\Users\grape\OneDrive\Multi_Robot_System\maps\i_shape\map_003.png,5.0,1.0,0.17034,1187.0,1.0,
i_shape,42,7,15,True,757,goal,,,0.0,0.003958,0.0,758.0,,,,0.5900029647584317,0.9786630793003122,2.525194358066229,5306,33127,41213,.,default,Full,agent_7_default/i_shape_seed_42_015,True,100.0,,,,,,,100.0,99.6042216358839,0.21569848060607913,0.0,0.0,0.0,,15.038943139819759,24.19025499939379,84.56870000009076,0.0,75.7,0.14285714285714285,0.9122643198285781,1.703341770172119,0.0,4cc85a81896cc726d1dbdbb633060c49cdcd6930d73e4d89a4a2a73167419176,ok,758,0.10000000000000053,75.80000000000041,75.7,0,0.41269251790713507,0.25940300822257994,758,C:\Users\grape\OneDrive\Multi_Robot_System\maps\i_shape\map_015.png,5.0,1.0,0.17574,757.0,1.0,
i_shape,42,7,44,True,1469,goal,,,0.0,0.0,0.0,1470.0,,,,0.7239774731603416,1.149469205097732,2.1873241595220496,10290,33844,41535,.,default,Full,agent_7_default/i_shape_seed_42_044,True,100.0,,,,,,,100.0,100.0,0.20581284165382385,0.0,0.0,0.0,,16.318127278936778,33.16679000026851,88.94890000010491,0.0,146.9,0.14285714285714285,0.6951271533966062,1.4602933406829832,0.0,c292cdc43b5076b15d7513c17e77351c1287585f88989bb7978670ec28cc4833,ok,1470,0.09999999999999964,146.9999999999995,146.9,0,0.5100614339113235,0.3223742485046387,1470,C:\Users\grape\OneDrive\Multi_Robot_System\maps\i_shape\map_044.png,5.0,1.0,0.1693,1469.0,1.0,
i_shape,42,7,68,True,1380,goal,,,0.0,0.112238,0.0,1381.0,,,,0.6955591342756969,1.2943673229269397,2.248086987923126,9667,33576,41694,.,default,Full,agent_7_default/i_shape_seed_42_068,True,100.0,,,,,,,100.0,88.7762490948588,0.31314671039581293,0.0,0.0,0.0,,16.98522563360346,34.962499999892316,100.384599998506,0.0724112961622013,,,,,0.0,af8f0c023254490fb017a817abc7c1213d38425b24d211e59985222351e1cfde,ok,1381,0.09999999999999964,138.0999999999995,138.0,0,0.5102489610282862,0.3858827352523804,1381,,,,,,,goal_map_free_cell_count_mismatch
i_shape,42,7,84,True,1078,goal,,,0.0,0.00278,0.0,1079.0,,,,0.6665345864563528,1.1100930085507974,2.24776022619481,7553,32283,42528,.,default,Full,agent_7_default/i_shape_seed_42_084,True,100.0,,,,,,,100.0,99.72196478220575,0.2707907557487488,0.0,0.0,0.0,,15.806735403159779,29.614889998629206,97.903399999268,0.0,,,,,0.0,999ecf41238674e273b99d8e2049b85cba57f74035c4a6b92c7db583d2522183,ok,1079,0.09999999999999987,107.89999999999985,107.8,0,0.4873254719545048,0.3465533822774887,1079,,,,,,,goal_map_free_cell_count_mismatch
i_shape,42,7,89,True,952,goal,,,0.0,0.0,0.0,953.0,,,,0.6082279745676571,1.0488921394571662,2.3110636103373383,6671,34080,42210,.,default,Full,agent_7_default/i_shape_seed_42_089,True,100.0,,,,,,,100.0,100.0,-0.0005505681037902832,0.0,0.0,0.0,,15.162808394602923,23.507760000211412,86.6466000006767,0.0,95.2,0.14285714285714285,1.0907575471060615,2.4881754398345945,0.0,aed164df9c366be4d425e81ad7d7911b7c495d06c44a39ea742de23d7486071c,ok,953,0.10000000000000009,95.30000000000008,95.2,0,0.2716243812444953,-6.804466247558595e-05,953,C:\Users\grape\OneDrive\Multi_Robot_System\maps\i_shape\map_089.png,5.0,1.0,0.1558,952.0,1.0,
i_shape,64,7,3,True,1442,goal,,,0.0,0.06237,0.0,1443.0,,,,0.6314079878694894,1.1004055315450048,2.39747059834845,10101,35556,41483,.,default,Full,agent_7_default/i_shape_seed_64_003,True,100.0,,,,,,,100.0,93.76299376299376,0.1339818239212036,0.0,0.0,0.0,,15.974846708289439,32.63963999852421,94.86679999827174,0.0,144.2,0.14285714285714285,0.26798865454537524,0.5056670188903807,0.0,7368b616586cad722808563ba870c1a1d102f639f8f9f8ad4b537fb5bb833b37,ok,1443,0.09999999999999964,144.2999999999995,144.2,0,0.4844771604404132,0.3106953531503678,1443,C:\Users\grape\OneDrive\Multi_Robot_System\maps\i_shape\map_003.png,5.0,1.0,0.17034,1442.0,1.0,
i_shape,64,7,15,True,1040,goal,,,0.0,0.110471,0.0,1041.0,,,,0.6635789084838029,1.0028339980870935,2.240734948405549,7287,33289,41213,.,default,Full,agent_7_default/i_shape_seed_64_015,True,100.0,,,,,,,100.0,88.95292987512008,0.20870023965835569,0.0,0.0,0.0,,16.09388213247335,33.559300001797965,51.16679999991902,0.0,104.0,0.14285714285714285,0.6393321309770855,0.935152339935303,0.0,013ee75ec17175975e21dd01dc5a33579bcde07d0168540aa425820e9cdb09d9,ok,1041,0.09999999999999998,104.09999999999998,104.0,0,0.4628657156406516,0.2965479791164398,1041,C:\Users\grape\OneDrive\Multi_Robot_System\maps\i_shape\map_015.png,5.0,1.0,0.17574,1040.0,1.0,
i_shape,64,7,44,True,1285,goal,,,0.0,0.027994,0.0,1286.0,,,,0.6650367285200485,1.0110960632003516,2.430037664884116,9002,33667,41535,.,default,Full,agent_7_default/i_shape_seed_64_044,True,100.0,,,,,,,100.0,97.20062208398133,0.08971554040908813,0.0,0.0,0.0,,15.060548211500196,26.074800000969844,44.054300000425435,0.0,128.5,0.14285714285714285,0.7678329672132218,1.5713992595672606,0.0,3fbd9b90c7832d692c11281dbf7b968da1be9d2d3618e8c8e2396dd10dede8a5,ok,1286,0.09999999999999964,128.59999999999954,128.5,0,0.508173013201583,0.2838664948940277,1286,C:\Users\grape\OneDrive\Multi_Robot_System\maps\i_shape\map_044.png,5.0,1.0,0.1693,1285.0,1.0,
i_shape,64,7,68,True,1124,goal,,,0.0,0.0,0.0,1125.0,,,,0.6368618702755399,1.0864410903318746,2.314057412741171,7875,34038,41694,.,default,Full,agent_7_default/i_shape_seed_64_068,True,100.0,,,,,,,100.0,100.0,0.018489718437194824,0.0,0.0,0.0,,15.786682755628137,32.48798000422539,60.88119999913033,0.0,,,,,0.0,6ccf172b93972cdd1a1ee197f417e4ac82384027f6972bbfd5918e15f6cfa33b,ok,1125,0.09999999999999964,112.4999999999996,112.4,0,0.4308139180607266,0.15167136192321778,1125,,,,,,,goal_map_free_cell_count_mismatch
i_shape,64,7,84,True,1124,goal,,,0.0,0.013333,0.0,1125.0,,,,0.6826561452327119,1.2082822540728013,2.198939446783104,7875,35079,42528,.,default,Full,agent_7_default/i_shape_seed_64_084,True,100.0,,,,,,,100.0,98.66666666666667,0.21789580583572388,0.0,0.0,0.0,,16.263100355494924,32.90377999946941,88.13889999873936,0.0,,,,,0.0,b1ab97370b2acd7f3e12330981151e7b9473f65934fecdcd31a5ecd7ae8263b8,ok,1125,0.09999999999999964,112.4999999999996,112.4,0,0.5242711121241251,0.33481900691986083,1125,,,,,,,goal_map_free_cell_count_mismatch
i_shape,64,7,89,True,999,goal,,,0.0,0.0,0.0,1000.0,,,,0.6962992782070411,1.0694164745218189,2.176754496999502,7000,32263,42210,.,default,Full,agent_7_default/i_shape_seed_64_089,True,100.0,,,,,,,100.0,100.0,0.015785276889801025,0.0,0.0,0.0,,16.203671300092537,33.54371000095852,51.26799999561626,0.0,99.9,0.14285714285714285,1.116386113848005,1.765536594390869,0.0,d19f93bae391c592bfbb7c81f59769031aaf694cfa415c690441653d1bb0acf9,ok,1000,0.09999999999999998,99.99999999999997,99.9,0,0.47518506610393524,0.03530392944812775,1000,C:\Users\grape\OneDrive\Multi_Robot_System\maps\i_shape\map_089.png,5.0,1.0,0.1558,999.0,1.0,
i_shape,91,7,3,True,848,goal,,0.879859,0.0,0.0,0.0,849.0,,,,0.4080028505682251,1.022900695274759,2.3318481290724518,5943,34245,41483,.,default,Full,agent_7_default/i_shape_seed_91_003,True,100.0,,,,,,,100.0,100.0,0.33115726709365845,0.0,0.0,0.0,,18.69376619511053,36.63911999901756,117.85959999542683,0.11778563015312131,84.80000000000001,0.14285714285714285,0.28348320552280964,0.5033762931823729,0.0,081eea4c3cb22b73d5c7c076264abce09112fb6c02a2cbba3a80b5f2aaa3489a,ok,849,0.10000000000000009,84.90000000000008,84.80000000000001,0,0.5175072254856568,0.38671606183052065,849,C:\Users\grape\OneDrive\Multi_Robot_System\maps\i_shape\map_003.png,5.0,1.0,0.17034,848.0,1.0,
i_shape,91,7,15,True,724,goal,,0.950345,0.0,0.0,0.0,725.0,,,,0.4481294189537296,1.0048156900546683,2.3829475762119325,5075,32615,41213,.,default,Full,agent_7_default/i_shape_seed_91_015,True,100.0,,,,,,,100.0,100.0,0.1222286820411682,0.0,0.0,0.0,,18.697330482838,34.09623999614264,62.74519998987671,0.0,72.4,0.14285714285714285,0.7713220528193883,1.4444087028503416,0.0,768a75dc0f0f3e2c9e0a2afe3cb8f2103e78cde317eff4ea8db5f8bb4bf764cb,ok,725,0.10000000000000053,72.50000000000038,72.4,0,0.44430565422978896,0.22794965505599976,725,C:\Users\grape\OneDrive\Multi_Robot_System\maps\i_shape\map_015.png,5.0,1.0,0.17574,724.0,1.0,
i_shape,91,7,44,True,773,goal,,0.926357,0.0,0.0,0.0,774.0,,,,0.42710928310097246,0.9440645721797408,2.046003566478434,5418,34357,41535,.,default,Full,agent_7_default/i_shape_seed_91_044,True,100.0,,,,,,,100.0,100.0,0.02837049961090088,0.0,0.0,0.0,,17.58141950903071,34.6677199973783,58.37050000263844,0.0,77.30000000000001,0.14285714285714285,0.3645797184535434,0.655168581008911,0.0,0198d2f592c30e9d4b71e406c11ae22af97d025f4b923c77b3d519499eabc9dc,ok,774,0.10000000000000053,77.40000000000042,77.30000000000001,0,0.4345719923652728,0.08429966866970064,774,C:\Users\grape\OneDrive\Multi_Robot_System\maps\i_shape\map_044.png,5.0,1.0,0.1693,773.0,1.0,
i_shape,91,7,68,True,590,goal,,0.905245,0.0,0.0,0.0,591.0,,,,0.369207913825491,0.9865693164938355,2.2067122338900074,4137,33397,41694,.,default,Full,agent_7_default/i_shape_seed_91_068,True,100.0,,,,,,,100.0,100.0,0.039027512073516846,0.0,0.0,0.0,,18.213603045856786,34.501649999583606,60.99040000117384,0.0,,,,,0.0,261a3bf59656d7e0ff5c7a3e8b7b3ca4d7479047ef8e032a348c32c684ab90ed,ok,591,0.10000000000000053,59.100000000000314,59.0,0,0.35871275740024805,0.04525953531265259,591,,,,,,,goal_map_free_cell_count_mismatch
i_shape,91,7,84,True,693,goal,,0.860231,0.0,0.0,0.0,694.0,,,,0.4602194159674061,1.0660793038179635,2.760569166839959,4858,35059,42528,.,default,Full,agent_7_default/i_shape_seed_91_084,True,100.0,,,,,,,100.0,100.0,0.2859725952148437,0.0,0.0,0.0,,18.97296671442683,35.69947999712895,52.585900004487485,0.0,,,,,0.0,3dc7157b40d1203a42432145e5561b8064a75b8536ca6fc0eda30fe35272da62,ok,694,0.10000000000000053,69.40000000000038,69.3,0,0.5324199339670131,0.3617431461811066,694,,,,,,,goal_map_free_cell_count_mismatch
i_shape,91,7,89,True,726,goal,,0.949106,0.0,0.0,0.0,727.0,,,,0.4143492642634087,1.0017888399907884,2.2136140696256006,5089,35017,42210,.,default,Full,agent_7_default/i_shape_seed_91_089,True,100.0,,,,,,,100.0,100.0,0.09574568271636963,0.0,0.0,0.0,,15.698955570772114,27.28881000221005,47.198100000969134,0.0,72.6,0.14285714285714285,0.6705443927219934,1.834129619598388,0.0,f8f59e0a6cb760e6108fdf179edded07248546e1559a340ec8b87788ccff2c9d,ok,727,0.10000000000000053,72.70000000000039,72.6,0,0.455117664606076,0.18370367884635927,727,C:\Users\grape\OneDrive\Multi_Robot_System\maps\i_shape\map_089.png,5.0,1.0,0.1558,726.0,1.0,
square,120,7,34,True,1090,goal,,0.974335,0.0,0.0,0.03758,1091.0,,,,0.28380329553402794,1.001079103463073,2.578467043983134,7637,70427,80530,.,default,Full,agent_7_default/square_seed_120_034,True,96.242,,,,,,,96.24197983501375,100.0,-0.24238449335098264,4.09999999999999,2.5999999999999934,0.13935323140498257,0.08431348858810053,14.310235472709303,24.003850019653328,53.76609999802895,0.0,109.0,0.14285714285714285,0.41943549980949274,0.7505353927612313,-2.016498625323493e-05,cc85c852c57298e9f16e6093451b08b8511b5e10390d7da2040c49df0951c176,ok,1091,0.09999999999999976,109.09999999999974,109.0,41,0.4254838495381265,0.0266190767288208,1091,C:\Users\grape\OneDrive\Multi_Robot_System\maps\square\map_034.png,5.0,5.0,0.67788,1090.0,1.0,
square,120,7,49,True,1603,goal,,0.940773,0.0,0.0,0.0,1604.0,,,,0.37060213789288887,1.000084254054348,2.1306225060372976,11228,56897,63573,.,default,Full,agent_7_default/square_seed_120_049,True,100.0,,,,,,,100.0,100.0,0.0005101561546325684,0.0,0.0,0.0,,14.61825187011312,26.98936499364208,96.82750000501984,0.0,160.3,0.14285714285714285,0.6479694339851435,1.705162262916565,0.0,a13347282a06cc69aa329eeeab4914aa78fb4125dfeec34d060467950f832b72,ok,1604,0.09999999999999787,160.39999999999657,160.3,0,0.34382877069667095,0.011696898937225343,1604,C:\Users\grape\OneDrive\Multi_Robot_System\maps\square\map_049.png,5.0,5.0,0.745708,1603.0,1.0,
square,120,7,69,True,625,goal,,0.928115,0.0,0.023962,0.0,626.0,,,,0.2555106091597132,0.858899379383169,2.2868471068879423,4382,45687,69676,.,default,Full,agent_7_default/square_seed_120_069,True,100.0,,,,,,,100.0,97.60383386581469,0.14651066064834595,0.0,0.0,0.0,,15.381531150218995,29.946250004286412,49.38070001662709,0.0,62.5,0.14285714285714285,0.5455872144313136,0.8806180000305179,0.0,21797ac2edd7e3a2806f30509b3b2ac673fafadcd437c1ed44344cc3cf7f4175,ok,626,0.10000000000000053,62.600000000000335,62.5,0,0.4529445721699407,0.22893495857715607,626,C:\Users\grape\OneDrive\Multi_Robot_System\maps\square\map_069.png,5.0,5.0,0.721296,625.0,1.0,
square,140,7,34,True,1284,goal,,0.893385,0.0,0.024903,0.0,1285.0,,,,0.3517298721059415,1.1140280077685834,2.5538199266569386,8995,72771,80530,.,default,Full,agent_7_default/square_seed_140_034,True,100.0,,,,,,,100.0,97.50972762645914,0.08781111240386963,0.0,0.0,0.0,,15.696122333749853,30.116240005008873,109.75659999530762,0.1556420233463035,128.4,0.14285714285714285,0.4613556725638257,0.8857096672058113,0.0,5210ba279b43fad0065bb3c78cc296c1fcd7659ba4044d51a6659b06ec4c3a76,ok,1285,0.09999999999999964,128.49999999999955,128.4,0,0.4594017541826003,0.22573178410530093,1285,C:\Users\grape\OneDrive\Multi_Robot_System\maps\square\map_034.png,5.0,5.0,0.67788,1284.0,1.0,
square,140,7,49,True,2138,goal,,0.84058,0.0,0.0,0.029453,2139.0,,,,0.47972718008962645,1.0230166699190029,2.5488260334280355,14973,55852,63573,.,default,Full,agent_7_default/square_seed_140_049,True,97.05470000000001,,,,,,,97.054698457223,100.0,-0.013851404190063477,6.299999999999642,2.499999999999858,0.008610786590225739,0.006193794901408847,16.205228284212954,31.7355899955146,59.61959998239763,0.0,213.8,0.14285714285714285,0.9376047871306332,1.6275735217802547,-1.54277701369665e-06,abf3d50730ce7d4a0dec572c3e26e84da0f458d0c6bbb089196881ed3fa86033,ok,2139,0.09999999999999432,213.89999999998784,213.8,63,0.2707249042362518,-0.0002723872661590576,2139,C:\Users\grape\OneDrive\Multi_Robot_System\maps\square\map_049.png,5.0,5.0,0.745708,2138.0,1.0,
square,140,7,69,True,1028,goal,,0.953353,0.0,0.0,0.0,1029.0,,,,0.2729042211785399,0.9611504063327491,2.3584293412694146,7203,53452,69676,.,default,Full,agent_7_default/square_seed_140_069,True,100.0,,,,,,,100.0,100.0,0.19540685415267944,0.0,0.0,0.0,,14.321913508428178,26.184079999802616,49.88959999172948,0.0,102.8,0.14285714285714285,0.23921333158124,0.469258549930042,0.0,85dfb09bb923953766718efd5df194d81db494004b10781510af91b203b27887,ok,1029,0.09999999999999998,102.89999999999998,102.8,0,0.5193340299891777,0.38443414568901063,1029,C:\Users\grape\OneDrive\Multi_Robot_System\maps\square\map_069.png,5.0,5.0,0.721296,1028.0,1.0,
square,42,7,34,True,1538,goal,,0.945419,0.0,0.0,0.012346,1539.0,,,,0.34311620782561725,0.9891249300114662,2.146726400738062,10773,73582,80530,.,default,Full,agent_7_default/square_seed_42_034,True,98.7654,,,,,,,98.76543209876543,100.0,-0.08541500568389891,1.8999999999999595,1.8999999999999595,0.05171298316034789,0.05541158349890458,15.800128719850964,30.347179999080243,94.53790000407024,0.0,153.8,0.14285714285714285,0.5588583128792902,1.3999189376831058,3.2098765430532694e-05,b3c47f13a06e9e8639210dd166452c850a8586ac08c899269abc3d66c28fcc66,ok,1539,0.09999999999999787,153.8999999999967,153.8,19,0.42719325727266955,0.20229688286781314,1539,C:\Users\grape\OneDrive\Multi_Robot_System\maps\square\map_034.png,5.0,5.0,0.67788,1538.0,1.0,
square,42,7,49,True,1375,goal,,0.905523,0.0,0.0,0.021802,1376.0,,,,0.4617967308025597,1.0782765782914414,2.441194860596949,9632,56961,63573,.,default,Full,agent_7_default/square_seed_42_049,True,97.8198,,,,,,,97.81976744186046,100.0,-0.32233095169067383,2.9999999999999893,2.9999999999999893,0.18098468473808182,0.179960298538208,16.414216569776116,30.996550000054413,138.95590000174707,0.14534883720930233,137.5,0.14285714285714285,0.5612312360885575,1.4391327376876955,-3.255813953728648e-05,d2d7d2ae3669af33b2c2f8ab304a158f42d314a965b8a8a828ea06f2bf30aebc,ok,1376,0.09999999999999964,137.5999999999995,137.5,30,0.37677827761183647,0.07782502472400665,1376,C:\Users\grape\OneDrive\Multi_Robot_System\maps\square\map_049.png,5.0,5.0,0.745708,1375.0,1.0,
square,42,7,69,True,858,goal,,0.931315,0.0,0.0,0.0,859.0,,,,0.2822422413964487,0.9276874430429463,2.1059672360043638,6013,49131,69676,.,default,Full,agent_7_default/square_seed_42_069,True,100.0,,,,,,,100.0,100.0,0.1721612513065338,0.0,0.0,0.0,,15.60610745072894,30.172870004025746,116.04539999825649,0.11641443538998836,85.80000000000001,0.14285714285714285,0.47467055302771727,1.0559936502321345,0.0,03d3c6cf3d04b7f6c20510725941f56e25ea587334616ab2121d54f8841d7efc,ok,859,0.10000000000000009,85.90000000000008,85.80000000000001,0,0.4828331041322182,0.24753860831260682,859,C:\Users\grape\OneDrive\Multi_Robot_System\maps\square\map_069.png,5.0,5.0,0.721296,858.0,1.0,
square,64,7,34,True,1331,goal,,,0.0,0.0,0.0,1332.0,,,,0.3163157557374737,1.0146028448475362,2.2162299611199217,9324,69710,80530,.,default,Full,agent_7_default/square_seed_64_034,True,100.0,,,,,,,100.0,100.0,0.007824540138244629,0.0,0.0,0.0,,16.401129279203033,30.65240500181972,67.66200000129174,0.0,133.1,0.14285714285714285,0.7534623372284368,1.2912689685821541,0.0,a7618b015f9b930ecc44662e5cb0debbcaa268e8696828093c0d63ce6f0d0556,ok,1332,0.09999999999999964,133.19999999999953,133.1,0,0.3689195292445274,0.029159048199653627,1332,C:\Users\grape\OneDrive\Multi_Robot_System\maps\square\map_034.png,5.0,5.0,0.67788,1331.0,1.0,
square,64,7,49,True,1124,goal,,,0.0,0.0,0.031111,1125.0,,,,0.44593924660838763,1.0345603220111537,2.252182277618057,7875,53380,63573,.,default,Full,agent_7_default/square_seed_64_049,True,96.8889,,,,,,,96.88888888888889,100.0,-0.005172908306121825,3.4999999999999876,2.299999999999992,0.003226561006371309,0.0030913727624075752,19.178494933345874,40.6247600010829,94.37769999931331,0.0,112.4,0.14285714285714285,0.595101273237578,1.0975318908691403,-1.1111111120953865e-05,649d078a72b8535086cd89036e31d55aab42d2737ea2d45505faf06f35e971b1,ok,1125,0.09999999999999964,112.4999999999996,112.4,35,0.41725270938873293,0.0009064674377441408,1125,C:\Users\grape\OneDrive\Multi_Robot_System\maps\square\map_049.png,5.0,5.0,0.745708,1124.0,1.0,
square,64,7,69,True,948,goal,,,0.0,0.0,0.0,949.0,,,,0.3060718094748291,0.9626859780475108,2.490364804967902,6643,53034,69676,.,default,Full,agent_7_default/square_seed_64_069,True,100.0,,,,,,,100.0,100.0,0.011843323707580566,0.0,0.0,0.0,,14.886964383524722,27.764820003358178,89.41769999364624,0.0,94.8,0.14285714285714285,0.4653908306676972,0.9276207370988409,0.0,e57b01d6bf5197ccb1f66d61d027f4814d4d48510f9ed9d17ebdb819e6e82df9,ok,949,0.10000000000000009,94.90000000000009,94.8,0,0.49000572771995915,0.17776311635971076,949,C:\Users\grape\OneDrive\Multi_Robot_System\maps\square\map_069.png,5.0,5.0,0.721296,948.0,1.0,
square,91,7,34,True,1311,goal,,,0.0,0.0,0.021341,1312.0,,,,0.3173245342812892,0.983855556245696,2.124764394583263,9184,68761,80530,.,default,Full,agent_7_default/square_seed_91_034,True,97.8659,,,,,,,97.86585365853658,100.0,-0.09857821464538574,2.79999999999999,1.8999999999999932,0.059405733425944574,0.042599697198186605,15.843958231637703,29.501879998133518,93.39049999834968,0.0,131.1,0.14285714285714285,0.7876552851251467,1.6397298812866214,-4.6341463416865736e-05,4c004ed6a5d00ec2ba8e0b97f042e97e04dcebb21d37871a686b1056a4846c13,ok,1312,0.09999999999999964,131.19999999999953,131.1,28,0.38649922831938033,0.0269555240869522,1312,C:\Users\grape\OneDrive\Multi_Robot_System\maps\square\map_034.png,5.0,5.0,0.67788,1311.0,1.0,
square,91,7,49,True,1153,goal,,,0.0,0.0,0.0,1154.0,,,,0.43085644141099205,1.0214723196854503,2.270976918611102,8078,54863,63573,.,default,Full,agent_7_default/square_seed_91_049,True,100.0,,,,,,,100.0,100.0,0.0012717843055725095,0.0,0.0,0.0,,17.018470710478972,29.313300001376767,57.03479999647242,0.0,115.3,0.14285714285714285,0.8283067375366973,1.294570164610623,0.0,1837c2f49f5194fb9efdb0a64c4743ca6f60d56c0d56788f04b73e4ce4490baa,ok,1154,0.09999999999999964,115.3999999999996,115.3,0,0.37223470520931884,0.016325375437736513,1154,C:\Users\grape\OneDrive\Multi_Robot_System\maps\square\map_049.png,5.0,5.0,0.745708,1153.0,1.0,
square,91,7,69,True,1223,goal,,0.946895,0.0,0.0,0.0,1224.0,,,,0.3486380571373151,1.0032467066403694,2.1145935947071193,8568,62435,69676,.,default,Full,agent_7_default/square_seed_91_069,True,100.0,,,,,,,100.0,100.0,-6.258487701416016e-05,0.0,0.0,0.0,,15.847557516364308,28.874209999048606,82.88770000217481,0.0,122.3,0.14285714285714285,0.6872003803363448,1.0676306780146634,0.0,1166ab13f897d60b66a96486b843557a3f2699af3560ccc83774851d35c79afa,ok,1224,0.09999999999999964,122.39999999999957,122.3,0,0.3800659084972603,0.029363900423049934,1224,C:\Users\grape\OneDrive\Multi_Robot_System\maps\square\map_069.png,5.0,5.0,0.721296,1223.0,1.0,
custom,120,7,1,True,516,goal,,0.984526,0.0,0.0,0.0,517.0,,,,0.22458504189748893,0.7564723191636299,1.7760273275038387,3619,28067,35940,.,team_ablation,Frontier,agent_7_team_ablation/custom_seed_120_001,False,100.0,,,,,,,100.0,100.0,0.18670889735221863,0.0,0.0,0.0,,13.392184526732505,21.360359987011176,35.71570001076907,0.0,51.6,0.14285714285714285,0.9334696211133683,1.6050359630584716,0.0,5870a68c02e178f274bfaa14963eadf9aeb8ed3b348f1dfda967d5507e5c25f2,ok,517,0.10000000000000053,51.70000000000027,51.6,0,0.5066286079888187,0.23281913399696347,517,C:\Users\grape\OneDrive\Multi_Robot_System\maps\custom\map_001.png,5.0,1.0,0.2812,516.0,1.0,
custom,120,7,2,True,2262,frozen,,0.898365,0.0,0.0,0.007512,2263.0,,,,0.48842935541557125,1.0141282852066025,2.8284271352829022,15841,42832,189167,.,team_ablation,Frontier,agent_7_team_ablation/custom_seed_120_002,False,99.2488,,,,,,,99.24878479893945,100.0,-0.0196378231048584,1.6999999999999034,0.8999999999999488,0.012180905405229536,0.008315128438612995,14.956938312484127,29.719910005223937,87.99739999813028,0.0,,,,,-1.5201060548974965e-05,23b6b34b2aa78413a5ee2d259615bb03b9b04e2722bb8eb436bd55502b67b472,ok,2263,0.09999999999999432,226.29999999998714,226.2,17,0.23271874719312957,0.017373764514923097,2263,C:\Users\grape\OneDrive\Multi_Robot_System\maps\custom\map_002.png,5.0,5.0,0.243332,,,
custom,120,7,3,True,1777,frozen,,0.930259,0.0,0.0,0.0,1778.0,,,,0.33828597408195216,1.0000011793634336,2.000000014901161,12446,49238,109925,.,team_ablation,Frontier,agent_7_team_ablation/custom_seed_120_003,False,100.0,,,,,,,100.0,100.0,0.02043598890304565,0.0,0.0,0.0,,14.557922778406109,28.281514997070186,97.12500000023283,0.0,,,,,0.0,cb1cdacdb8fa282300a10e0b377c770c03e13c91a4f42bc4d556c4db810cd9e3,ok,1778,0.09999999999999787,177.7999999999962,177.7,0,0.31498473153540735,0.047425094246864315,1778,C:\Users\grape\OneDrive\Multi_Robot_System\maps\custom\map_003.png,5.0,5.0,0.5603,,,
custom,140,7,1,True,516,goal,,0.984526,0.0,0.0,0.0,517.0,,,,0.22458504189748893,0.7564723191636299,1.7760273275038387,3619,28067,35940,.,team_ablation,Frontier,agent_7_team_ablation/custom_seed_140_001,False,100.0,,,,,,,100.0,100.0,0.18670889735221863,0.0,0.0,0.0,,15.061530753735063,24.062819994287565,88.63889999338426,0.0,51.6,0.14285714285714285,0.9334696211133683,1.6050359630584716,0.0,5870a68c02e178f274bfaa14963eadf9aeb8ed3b348f1dfda967d5507e5c25f2,ok,517,0.10000000000000053,51.70000000000027,51.6,0,0.5066286079888187,0.23281913399696347,517,C:\Users\grape\OneDrive\Multi_Robot_System\maps\custom\map_001.png,5.0,1.0,0.2812,516.0,1.0,
custom,140,7,2,True,2262,frozen,,0.898365,0.0,0.0,0.007512,2263.0,,,,0.48842935541557125,1.0141282852066025,2.8284271352829022,15841,42832,189167,.,team_ablation,Frontier,agent_7_team_ablation/custom_seed_140_002,False,99.2488,,,,,,,99.24878479893945,100.0,-0.0196378231048584,1.6999999999999034,0.8999999999999488,0.012180905405229536,0.008315128438612995,14.912414582827616,29.518069990444932,105.00710000633262,0.04418912947414936,,,,,-1.5201060548974965e-05,23b6b34b2aa78413a5ee2d259615bb03b9b04e2722bb8eb436bd55502b67b472,ok,2263,0.09999999999999432,226.29999999998714,226.2,17,0.23271874719312957,0.017373764514923097,2263,C:\Users\grape\OneDrive\Multi_Robot_System\maps\custom\map_002.png,5.0,5.0,0.243332,,,
custom,140,7,3,True,1777,frozen,,0.930259,0.0,0.0,0.0,1778.0,,,,0.33828597408195216,1.0000011793634336,2.000000014901161,12446,49238,109925,.,team_ablation,Frontier,agent_7_team_ablation/custom_seed_140_003,False,100.0,,,,,,,100.0,100.0,0.02043598890304565,0.0,0.0,0.0,,14.239439594897748,26.69856998400064,93.06660000584088,0.0,,,,,0.0,cb1cdacdb8fa282300a10e0b377c770c03e13c91a4f42bc4d556c4db810cd9e3,ok,1778,0.09999999999999787,177.7999999999962,177.7,0,0.31498473153540735,0.047425094246864315,1778,C:\Users\grape\OneDrive\Multi_Robot_System\maps\custom\map_003.png,5.0,5.0,0.5603,,,
custom,42,7,1,True,516,goal,,0.984526,0.0,0.0,0.0,517.0,,,,0.22458504189748893,0.7564723191636299,1.7760273275038387,3619,28067,35940,.,team_ablation,Frontier,agent_7_team_ablation/custom_seed_42_001,True,100.0,,,,,,,100.0,100.0,0.18670889735221863,0.0,0.0,0.0,,18.97152843261953,29.014960001222782,104.66979999910107,0.19342359767891684,51.6,0.14285714285714285,0.9334696211133683,1.6050359630584716,0.0,5870a68c02e178f274bfaa14963eadf9aeb8ed3b348f1dfda967d5507e5c25f2,ok,517,0.10000000000000053,51.70000000000027,51.6,0,0.5066286079888187,0.23281913399696347,517,C:\Users\grape\OneDrive\Multi_Robot_System\maps\custom\map_001.png,5.0,1.0,0.2812,516.0,1.0,
custom,42,7,2,True,2262,frozen,,0.898365,0.0,0.0,0.007512,2263.0,,,,0.48842935541557125,1.0141282852066025,2.8284271352829022,15841,42832,189167,.,team_ablation,Frontier,agent_7_team_ablation/custom_seed_42_002,True,99.2488,,,,,,,99.24878479893945,100.0,-0.0196378231048584,1.6999999999999034,0.8999999999999488,0.012180905405229536,0.008315128438612995,20.550287759610665,35.824770003091544,130.90960000408813,0.13256738842244808,,,,,-1.5201060548974965e-05,23b6b34b2aa78413a5ee2d259615bb03b9b04e2722bb8eb436bd55502b67b472,ok,2263,0.09999999999999432,226.29999999998714,226.2,17,0.23271874719312957,0.017373764514923097,2263,C:\Users\grape\OneDrive\Multi_Robot_System\maps\custom\map_002.png,5.0,5.0,0.243332,,,
custom,42,7,3,True,1777,frozen,,0.930259,0.0,0.0,0.0,1778.0,,,,0.33828597408195216,1.0000011793634336,2.000000014901161,12446,49238,109925,.,team_ablation,Frontier,agent_7_team_ablation/custom_seed_42_003,True,100.0,,,,,,,100.0,100.0,0.02043598890304565,0.0,0.0,0.0,,20.27343717643743,34.339230006298735,114.12309999286661,0.05624296962879641,,,,,0.0,cb1cdacdb8fa282300a10e0b377c770c03e13c91a4f42bc4d556c4db810cd9e3,ok,1778,0.09999999999999787,177.7999999999962,177.7,0,0.31498473153540735,0.047425094246864315,1778,C:\Users\grape\OneDrive\Multi_Robot_System\maps\custom\map_003.png,5.0,5.0,0.5603,,,
custom,64,7,1,True,516,goal,,0.984526,0.0,0.0,0.0,517.0,,,,0.22458504189748893,0.7564723191636299,1.7760273275038387,3619,28067,35940,.,team_ablation,Frontier,agent_7_team_ablation/custom_seed_64_001,False,100.0,,,,,,,100.0,100.0,0.18670889735221863,0.0,0.0,0.0,,20.366445260932597,29.760959997656744,105.07109999889508,0.19342359767891684,51.6,0.14285714285714285,0.9334696211133683,1.6050359630584716,0.0,5870a68c02e178f274bfaa14963eadf9aeb8ed3b348f1dfda967d5507e5c25f2,ok,517,0.10000000000000053,51.70000000000027,51.6,0,0.5066286079888187,0.23281913399696347,517,C:\Users\grape\OneDrive\Multi_Robot_System\maps\custom\map_001.png,5.0,1.0,0.2812,516.0,1.0,
custom,64,7,2,True,2262,frozen,,0.898365,0.0,0.0,0.007512,2263.0,,,,0.48842935541557125,1.0141282852066025,2.8284271352829022,15841,42832,189167,.,team_ablation,Frontier,agent_7_team_ablation/custom_seed_64_002,False,99.2488,,,,,,,99.24878479893945,100.0,-0.0196378231048584,1.6999999999999034,0.8999999999999488,0.012180905405229536,0.008315128438612995,22.586570393461646,41.91943999612705,103.39859999658074,0.04418912947414936,,,,,-1.5201060548974965e-05,23b6b34b2aa78413a5ee2d259615bb03b9b04e2722bb8eb436bd55502b67b472,ok,2263,0.09999999999999432,226.29999999998714,226.2,17,0.23271874719312957,0.017373764514923097,2263,C:\Users\grape\OneDrive\Multi_Robot_System\maps\custom\map_002.png,5.0,5.0,0.243332,,,
custom,64,7,3,True,1777,frozen,,0.930259,0.0,0.0,0.0,1778.0,,,,0.33828597408195216,1.0000011793634336,2.000000014901161,12446,49238,109925,.,team_ablation,Frontier,agent_7_team_ablation/custom_seed_64_003,False,100.0,,,,,,,100.0,100.0,0.02043598890304565,0.0,0.0,0.0,,21.762767660393457,41.31677500336079,105.90090000187045,0.05624296962879641,,,,,0.0,cb1cdacdb8fa282300a10e0b377c770c03e13c91a4f42bc4d556c4db810cd9e3,ok,1778,0.09999999999999787,177.7999999999962,177.7,0,0.31498473153540735,0.047425094246864315,1778,C:\Users\grape\OneDrive\Multi_Robot_System\maps\custom\map_003.png,5.0,5.0,0.5603,,,
custom,91,7,1,True,516,goal,,0.984526,0.0,0.0,0.0,517.0,,,,0.22458504189748893,0.7564723191636299,1.7760273275038387,3619,28067,35940,.,team_ablation,Frontier,agent_7_team_ablation/custom_seed_91_001,False,100.0,,,,,,,100.0,100.0,0.18670889735221863,0.0,0.0,0.0,,18.344582011202633,27.6163800037466,43.5087000078056,0.0,51.6,0.14285714285714285,0.9334696211133683,1.6050359630584716,0.0,5870a68c02e178f274bfaa14963eadf9aeb8ed3b348f1dfda967d5507e5c25f2,ok,517,0.10000000000000053,51.70000000000027,51.6,0,0.5066286079888187,0.23281913399696347,517,C:\Users\grape\OneDrive\Multi_Robot_System\maps\custom\map_001.png,5.0,1.0,0.2812,516.0,1.0,
custom,91,7,2,True,2262,frozen,,0.898365,0.0,0.0,0.007512,2263.0,,,,0.48842935541557125,1.0141282852066025,2.8284271352829022,15841,42832,189167,.,team_ablation,Frontier,agent_7_team_ablation/custom_seed_91_002,False,99.2488,,,,,,,99.24878479893945,100.0,-0.0196378231048584,1.6999999999999034,0.8999999999999488,0.012180905405229536,0.008315128438612995,20.827963278797412,37.05281000729885,110.31379998894408,0.13256738842244808,,,,,-1.5201060548974965e-05,23b6b34b2aa78413a5ee2d259615bb03b9b04e2722bb8eb436bd55502b67b472,ok,2263,0.09999999999999432,226.29999999998714,226.2,17,0.23271874719312957,0.017373764514923097,2263,C:\Users\grape\OneDrive\Multi_Robot_System\maps\custom\map_002.png,5.0,5.0,0.243332,,,
custom,91,7,3,True,1777,frozen,,0.930259,0.0,0.0,0.0,1778.0,,,,0.33828597408195216,1.0000011793634336,2.000000014901161,12446,49238,109925,.,team_ablation,Frontier,agent_7_team_ablation/custom_seed_91_003,False,100.0,,,,,,,100.0,100.0,0.02043598890304565,0.0,0.0,0.0,,20.465919741081912,35.47760000510607,110.90669999248348,0.22497187851518563,,,,,0.0,cb1cdacdb8fa282300a10e0b377c770c03e13c91a4f42bc4d556c4db810cd9e3,ok,1778,0.09999999999999787,177.7999999999962,177.7,0,0.31498473153540735,0.047425094246864315,1778,C:\Users\grape\OneDrive\Multi_Robot_System\maps\custom\map_003.png,5.0,5.0,0.5603,,,
i_shape,120,7,3,True,1279,goal,,0.849219,0.0,0.0,0.0,1280.0,,,,0.3867025348076656,1.0742336982934193,2.227922264994273,8960,34026,41483,.,team_ablation,Frontier,agent_7_team_ablation/i_shape_seed_120_003,False,100.0,,,,,,,100.0,100.0,0.361164927482605,0.0,0.0,0.0,,16.52458156324883,34.76509500032987,91.1846999952104,0.0,127.9,0.14285714285714285,0.47270976475306903,1.037455368041992,0.0,c75ce1978fab61095b380a00da1f8aad37c6b1460185f56465f863cbe7bf9f5b,ok,1280,0.09999999999999964,127.99999999999955,127.9,0,0.5371867913519963,0.388523006439209,1280,C:\Users\grape\OneDrive\Multi_Robot_System\maps\i_shape\map_003.png,5.0,1.0,0.17034,1279.0,1.0,
i_shape,120,7,15,True,1589,frozen,,0.68239,0.0,0.0,0.0,1590.0,,,,0.5924943856818162,1.5499218415826217,2.637379976814137,11130,32456,41213,.,team_ablation,Frontier,agent_7_team_ablation/i_shape_seed_120_015,False,100.0,,,,,,,100.0,100.0,0.19397050142288208,0.0,0.0,0.0,,19.196877232990698,37.42631999339209,123.91729999217203,0.3144654088050315,,,,,0.0,e8f9f7e35c1410323d321a9c121bbafa9f64477af355429d9edf9ecc8ec52afe,ok,1590,0.09999999999999787,158.99999999999662,158.9,0,0.509733850382409,0.3632856473326683,1590,C:\Users\grape\OneDrive\Multi_Robot_System\maps\i_shape\map_015.png,5.0,1.0,0.17574,,,
i_shape,120,7,44,True,933,goal,,0.867238,0.0,0.0,0.0,934.0,,,,0.37545710907761226,1.0140987617921666,2.057667148325925,6538,35537,41535,.,team_ablation,Frontier,agent_7_team_ablation/i_shape_seed_120_044,False,100.0,,,,,,,100.0,100.0,0.09316545724868774,0.0,0.0,0.0,,16.13941788090701,31.94656499981647,55.44539997936226,0.0,93.3,0.14285714285714285,0.3717756680079868,0.6479199409484862,0.0,1f588301bb2fc4827ab27e3c0fae8fe03e75d2ccc1b5f30bd06663fe3ddae561,ok,934,0.10000000000000009,93.40000000000008,93.3,0,0.45662061282985983,0.25400161296129226,934,C:\Users\grape\OneDrive\Multi_Robot_System\maps\i_shape\map_044.png,5.0,1.0,0.1693,933.0,1.0,
i_shape,120,7,68,True,1315,frozen,,0.844225,0.0,0.0,0.0,1316.0,,,,0.4852026390504766,1.1413984165769888,2.7258321738794673,9212,34010,41694,.,team_ablation,Frontier,agent_7_team_ablation/i_shape_seed_120_068,False,100.0,,,,,,,100.0,100.0,0.24413949251174927,0.0,0.0,0.0,,16.665949163864482,33.384725014911965,88.0382000177633,0.0,,,,,0.0,1e56d9dbbc5087a5c878bb4766009c5c876add90cd32ddb92324c772a07d3604,ok,1316,0.09999999999999964,131.59999999999954,131.5,0,0.5086968089128338,0.37215958535671234,1316,,,,,,,goal_map_free_cell_count_mismatch
i_shape,120,7,84,True,978,goal,,0.655771,0.0,0.0,0.0,979.0,,,,0.47163275851775405,1.4768959032466145,2.0410688310112532,6853,35471,42528,.,team_ablation,Frontier,agent_7_team_ablation/i_shape_seed_120_084,False,100.0,,,,,,,100.0,100.0,0.1737678050994873,0.0,0.0,0.0,,19.875913585509547,37.870940001448595,65.47190001583658,0.0,,,,,0.0,099e140196d3f13260d4804eec0fb489af14873443d0a7228e5a0eb40b6e022d,ok,979,0.1,97.9,97.8,0,0.5179522354403117,0.357288533449173,979,,,,,,,goal_map_free_cell_count_mismatch
i_shape,120,7,89,True,1172,goal,,0.872975,0.0,0.0,0.0,1173.0,,,,0.3711906481966154,1.0274329854121205,2.1736620747451068,8211,35674,42210,.,team_ablation,Frontier,agent_7_team_ablation/i_shape_seed_120_089,False,100.0,,,,,,,100.0,100.0,0.02019035816192627,0.0,0.0,0.0,,16.04870698988483,32.522419997258105,101.79349998361432,0.08525149190110827,117.2,0.14285714285714285,0.31149970463344034,1.0018518447875975,0.0,90f6a5fc225f1acd64f1fd1499a2d43e48dd6b8f4b208873ee4a4e64e6ef4ca0,ok,1173,0.09999999999999964,117.29999999999959,117.2,0,0.3645557278460757,0.034235167503356936,1173,C:\Users\grape\OneDrive\Multi_Robot_System\maps\i_shape\map_089.png,5.0,1.0,0.1558,1172.0,1.0,
i_shape,140,7,3,True,1279,goal,,0.849219,0.0,0.0,0.0,1280.0,,,,0.3867025348076656,1.0742336982934193,2.227922264994273,8960,34026,41483,.,team_ablation,Frontier,agent_7_team_ablation/i_shape_seed_140_003,False,100.0,,,,,,,100.0,100.0,0.361164927482605,0.0,0.0,0.0,,17.0667332815583,35.62893498892663,110.97609999706036,0.15625,127.9,0.14285714285714285,0.47270976475306903,1.037455368041992,0.0,c75ce1978fab61095b380a00da1f8aad37c6b1460185f56465f863cbe7bf9f5b,ok,1280,0.09999999999999964,127.99999999999955,127.9,0,0.5371867913519963,0.388523006439209,1280,C:\Users\grape\OneDrive\Multi_Robot_System\maps\i_shape\map_003.png,5.0,1.0,0.17034,1279.0,1.0,
i_shape,140,7,15,True,1589,frozen,,0.68239,0.0,0.0,0.0,1590.0,,,,0.5924943856818162,1.5499218415826217,2.637379976814137,11130,32456,41213,.,team_ablation,Frontier,agent_7_team_ablation/i_shape_seed_140_015,False,100.0,,,,,,,100.0,100.0,0.19397050142288208,0.0,0.0,0.0,,18.934716540553502,36.99477001209743,112.2758999990765,0.06289308176100629,,,,,0.0,e8f9f7e35c1410323d321a9c121bbafa9f64477af355429d9edf9ecc8ec52afe,ok,1590,0.09999999999999787,158.99999999999662,158.9,0,0.509733850382409,0.3632856473326683,1590,C:\Users\grape\OneDrive\Multi_Robot_System\maps\i_shape\map_015.png,5.0,1.0,0.17574,,,
i_shape,140,7,44,True,933,goal,,0.867238,0.0,0.0,0.0,934.0,,,,0.37545710907761226,1.0140987617921666,2.057667148325925,6538,35537,41535,.,team_ablation,Frontier,agent_7_team_ablation/i_shape_seed_140_044,False,100.0,,,,,,,100.0,100.0,0.09316545724868774,0.0,0.0,0.0,,16.26754336199814,33.25844501232495,98.07809998164883,0.0,93.3,0.14285714285714285,0.3717756680079868,0.6479199409484862,0.0,1f588301bb2fc4827ab27e3c0fae8fe03e75d2ccc1b5f30bd06663fe3ddae561,ok,934,0.10000000000000009,93.40000000000008,93.3,0,0.45662061282985983,0.25400161296129226,934,C:\Users\grape\OneDrive\Multi_Robot_System\maps\i_shape\map_044.png,5.0,1.0,0.1693,933.0,1.0,
i_shape,140,7,68,True,1315,frozen,,0.844225,0.0,0.0,0.0,1316.0,,,,0.4852026390504766,1.1413984165769888,2.7258321738794673,9212,34010,41694,.,team_ablation,Frontier,agent_7_team_ablation/i_shape_seed_140_068,False,100.0,,,,,,,100.0,100.0,0.24413949251174927,0.0,0.0,0.0,,16.830350455738134,33.8604499847861,97.32609998900445,0.0,,,,,0.0,1e56d9dbbc5087a5c878bb4766009c5c876add90cd32ddb92324c772a07d3604,ok,1316,0.09999999999999964,131.59999999999954,131.5,0,0.5086968089128338,0.37215958535671234,1316,,,,,,,goal_map_free_cell_count_mismatch
i_shape,140,7,84,True,978,goal,,0.655771,0.0,0.0,0.0,979.0,,,,0.47163275851775405,1.4768959032466145,2.0410688310112532,6853,35471,42528,.,team_ablation,Frontier,agent_7_team_ablation/i_shape_seed_140_084,False,100.0,,,,,,,100.0,100.0,0.1737678050994873,0.0,0.0,0.0,,19.968448109868667,40.27784999052527,54.73490001168103,0.0,,,,,0.0,099e140196d3f13260d4804eec0fb489af14873443d0a7228e5a0eb40b6e022d,ok,979,0.1,97.9,97.8,0,0.5179522354403117,0.357288533449173,979,,,,,,,goal_map_free_cell_count_mismatch
i_shape,140,7,89,True,1172,goal,,0.872975,0.0,0.0,0.0,1173.0,,,,0.3711906481966154,1.0274329854121205,2.1736620747451068,8211,35674,42210,.,team_ablation,Frontier,agent_7_team_ablation/i_shape_seed_140_089,False,100.0,,,,,,,100.0,100.0,0.02019035816192627,0.0,0.0,0.0,,16.039807757914332,32.548500009579584,108.29609999200328,0.08525149190110827,117.2,0.14285714285714285,0.31149970463344034,1.0018518447875975,0.0,90f6a5fc225f1acd64f1fd1499a2d43e48dd6b8f4b208873ee4a4e64e6ef4ca0,ok,1173,0.09999999999999964,117.29999999999959,117.2,0,0.3645557278460757,0.034235167503356936,1173,C:\Users\grape\OneDrive\Multi_Robot_System\maps\i_shape\map_089.png,5.0,1.0,0.1558,1172.0,1.0,
i_shape,42,7,3,True,1279,goal,,0.849219,0.0,0.0,0.0,1280.0,,,,0.3867025348076656,1.0742336982934193,2.227922264994273,8960,34026,41483,.,team_ablation,Frontier,agent_7_team_ablation/i_shape_seed_42_003,True,100.0,,,,,,,100.0,100.0,0.361164927482605,0.0,0.0,0.0,,17.55310835937962,35.73290499261929,93.1579000025522,0.0,127.9,0.14285714285714285,0.47270976475306903,1.037455368041992,0.0,c75ce1978fab61095b380a00da1f8aad37c6b1460185f56465f863cbe7bf9f5b,ok,1280,0.09999999999999964,127.99999999999955,127.9,0,0.5371867913519963,0.388523006439209,1280,C:\Users\grape\OneDrive\Multi_Robot_System\maps\i_shape\map_003.png,5.0,1.0,0.17034,1279.0,1.0,
i_shape,42,7,15,True,1589,frozen,,0.68239,0.0,0.0,0.0,1590.0,,,,0.5924943856818162,1.5499218415826217,2.637379976814137,11130,32456,41213,.,team_ablation,Frontier,agent_7_team_ablation/i_shape_seed_42_015,True,100.0,,,,,,,100.0,100.0,0.19397050142288208,0.0,0.0,0.0,,19.422996415159556,37.27982500422513,105.93450001033489,0.06289308176100629,,,,,0.0,e8f9f7e35c1410323d321a9c121bbafa9f64477af355429d9edf9ecc8ec52afe,ok,1590,0.09999999999999787,158.99999999999662,158.9,0,0.509733850382409,0.3632856473326683,1590,C:\Users\grape\OneDrive\Multi_Robot_System\maps\i_shape\map_015.png,5.0,1.0,0.17574,,,
i_shape,42,7,44,True,933,goal,,0.867238,0.0,0.0,0.0,934.0,,,,0.37545710907761226,1.0140987617921666,2.057667148325925,6538,35537,41535,.,team_ablation,Frontier,agent_7_team_ablation/i_shape_seed_42_044,True,100.0,,,,,,,100.0,100.0,0.09316545724868774,0.0,0.0,0.0,,16.599816595019952,33.98107500179321,86.11899999959861,0.0,93.3,0.14285714285714285,0.3717756680079868,0.6479199409484862,0.0,1f588301bb2fc4827ab27e3c0fae8fe03e75d2ccc1b5f30bd06663fe3ddae561,ok,934,0.10000000000000009,93.40000000000008,93.3,0,0.45662061282985983,0.25400161296129226,934,C:\Users\grape\OneDrive\Multi_Robot_System\maps\i_shape\map_044.png,5.0,1.0,0.1693,933.0,1.0,
i_shape,42,7,68,True,1315,frozen,,0.844225,0.0,0.0,0.0,1316.0,,,,0.4852026390504766,1.1413984165769888,2.7258321738794673,9212,34010,41694,.,team_ablation,Frontier,agent_7_team_ablation/i_shape_seed_42_068,True,100.0,,,,,,,100.0,100.0,0.24413949251174927,0.0,0.0,0.0,,17.117474087954346,35.05494999626535,96.25930000038352,0.0,,,,,0.0,1e56d9dbbc5087a5c878bb4766009c5c876add90cd32ddb92324c772a07d3604,ok,1316,0.09999999999999964,131.59999999999954,131.5,0,0.5086968089128338,0.37215958535671234,1316,,,,,,,goal_map_free_cell_count_mismatch
i_shape,42,7,84,True,978,goal,,0.655771,0.0,0.0,0.0,979.0,,,,0.47163275851775405,1.4768959032466145,2.0410688310112532,6853,35471,42528,.,team_ablation,Frontier,agent_7_team_ablation/i_shape_seed_42_084,True,100.0,,,,,,,100.0,100.0,0.1737678050994873,0.0,0.0,0.0,,20.124233707969207,38.81594999838852,104.44289998849852,0.10214504596527069,,,,,0.0,099e140196d3f13260d4804eec0fb489af14873443d0a7228e5a0eb40b6e022d,ok,979,0.1,97.9,97.8,0,0.5179522354403117,0.357288533449173,979,,,,,,,goal_map_free_cell_count_mismatch
i_shape,42,7,89,True,1172,goal,,0.872975,0.0,0.0,0.0,1173.0,,,,0.3711906481966154,1.0274329854121205,2.1736620747451068,8211,35674,42210,.,team_ablation,Frontier,agent_7_team_ablation/i_shape_seed_42_089,True,100.0,,,,,,,100.0,100.0,0.02019035816192627,0.0,0.0,0.0,,16.930241517283743,33.11484000878407,102.68789999827275,0.08525149190110827,117.2,0.14285714285714285,0.31149970463344034,1.0018518447875975,0.0,90f6a5fc225f1acd64f1fd1499a2d43e48dd6b8f4b208873ee4a4e64e6ef4ca0,ok,1173,0.09999999999999964,117.29999999999959,117.2,0,0.3645557278460757,0.034235167503356936,1173,C:\Users\grape\OneDrive\Multi_Robot_System\maps\i_shape\map_089.png,5.0,1.0,0.1558,1172.0,1.0,
i_shape,64,7,3,True,1279,goal,,0.849219,0.0,0.0,0.0,1280.0,,,,0.3867025348076656,1.0742336982934193,2.227922264994273,8960,34026,41483,.,team_ablation,Frontier,agent_7_team_ablation/i_shape_seed_64_003,False,100.0,,,,,,,100.0,100.0,0.361164927482605,0.0,0.0,0.0,,20.15239015648831,43.21266499973717,128.50690000050236,0.234375,127.9,0.14285714285714285,0.47270976475306903,1.037455368041992,0.0,c75ce1978fab61095b380a00da1f8aad37c6b1460185f56465f863cbe7bf9f5b,ok,1280,0.09999999999999964,127.99999999999955,127.9,0,0.5371867913519963,0.388523006439209,1280,C:\Users\grape\OneDrive\Multi_Robot_System\maps\i_shape\map_003.png,5.0,1.0,0.17034,1279.0,1.0,
i_shape,64,7,15,True,1589,frozen,,0.68239,0.0,0.0,0.0,1590.0,,,,0.5924943856818162,1.5499218415826217,2.637379976814137,11130,32456,41213,.,team_ablation,Frontier,agent_7_team_ablation/i_shape_seed_64_015,False,100.0,,,,,,,100.0,100.0,0.19397050142288208,0.0,0.0,0.0,,19.631026604012572,37.375635001080795,122.1685000055004,0.06289308176100629,,,,,0.0,e8f9f7e35c1410323d321a9c121bbafa9f64477af355429d9edf9ecc8ec52afe,ok,1590,0.09999999999999787,158.99999999999662,158.9,0,0.509733850382409,0.3632856473326683,1590,C:\Users\grape\OneDrive\Multi_Robot_System\maps\i_shape\map_015.png,5.0,1.0,0.17574,,,
i_shape,64,7,44,True,933,goal,,0.867238,0.0,0.0,0.0,934.0,,,,0.37545710907761226,1.0140987617921666,2.057667148325925,6538,35537,41535,.,team_ablation,Frontier,agent_7_team_ablation/i_shape_seed_64_044,False,100.0,,,,,,,100.0,100.0,0.09316545724868774,0.0,0.0,0.0,,16.802659207922346,33.61444500551441,68.21890000719577,0.0,93.3,0.14285714285714285,0.3717756680079868,0.6479199409484862,0.0,1f588301bb2fc4827ab27e3c0fae8fe03e75d2ccc1b5f30bd06663fe3ddae561,ok,934,0.10000000000000009,93.40000000000008,93.3,0,0.45662061282985983,0.25400161296129226,934,C:\Users\grape\OneDrive\Multi_Robot_System\maps\i_shape\map_044.png,5.0,1.0,0.1693,933.0,1.0,
i_shape,64,7,68,True,1315,frozen,,0.844225,0.0,0.0,0.0,1316.0,,,,0.4852026390504766,1.1413984165769888,2.7258321738794673,9212,34010,41694,.,team_ablation,Frontier,agent_7_team_ablation/i_shape_seed_64_068,False,100.0,,,,,,,100.0,100.0,0.24413949251174927,0.0,0.0,0.0,,17.113009878591438,34.403175002807984,102.03609999734908,0.07598784194528875,,,,,0.0,1e56d9dbbc5087a5c878bb4766009c5c876add90cd32ddb92324c772a07d3604,ok,1316,0.09999999999999964,131.59999999999954,131.5,0,0.5086968089128338,0.37215958535671234,1316,,,,,,,goal_map_free_cell_count_mismatch
i_shape,64,7,84,True,978,goal,,0.655771,0.0,0.0,0.0,979.0,,,,0.47163275851775405,1.4768959032466145,2.0410688310112532,6853,35471,42528,.,team_ablation,Frontier,agent_7_team_ablation/i_shape_seed_64_084,False,100.0,,,,,,,100.0,100.0,0.1737678050994873,0.0,0.0,0.0,,20.203952911032594,38.03134000772841,133.03240000095684,0.20429009193054137,,,,,0.0,099e140196d3f13260d4804eec0fb489af14873443d0a7228e5a0eb40b6e022d,ok,979,0.1,97.9,97.8,0,0.5179522354403117,0.357288533449173,979,,,,,,,goal_map_free_cell_count_mismatch
i_shape,64,7,89,True,1172,goal,,0.872975,0.0,0.0,0.0,1173.0,,,,0.3711906481966154,1.0274329854121205,2.1736620747451068,8211,35674,42210,.,team_ablation,Frontier,agent_7_team_ablation/i_shape_seed_64_089,False,100.0,,,,,,,100.0,100.0,0.02019035816192627,0.0,0.0,0.0,,16.487882012074206,31.409360002726288,141.0296000103699,0.08525149190110827,117.2,0.14285714285714285,0.31149970463344034,1.0018518447875975,0.0,90f6a5fc225f1acd64f1fd1499a2d43e48dd6b8f4b208873ee4a4e64e6ef4ca0,ok,1173,0.09999999999999964,117.29999999999959,117.2,0,0.3645557278460757,0.034235167503356936,1173,C:\Users\grape\OneDrive\Multi_Robot_System\maps\i_shape\map_089.png,5.0,1.0,0.1558,1172.0,1.0,
i_shape,91,7,3,True,1279,goal,,0.849219,0.0,0.0,0.0,1280.0,,,,0.3867025348076656,1.0742336982934193,2.227922264994273,8960,34026,41483,.,team_ablation,Frontier,agent_7_team_ablation/i_shape_seed_91_003,False,100.0,,,,,,,100.0,100.0,0.361164927482605,0.0,0.0,0.0,,17.197285155975806,33.93020500225247,108.44820000056644,0.078125,127.9,0.14285714285714285,0.47270976475306903,1.037455368041992,0.0,c75ce1978fab61095b380a00da1f8aad37c6b1460185f56465f863cbe7bf9f5b,ok,1280,0.09999999999999964,127.99999999999955,127.9,0,0.5371867913519963,0.388523006439209,1280,C:\Users\grape\OneDrive\Multi_Robot_System\maps\i_shape\map_003.png,5.0,1.0,0.17034,1279.0,1.0,
i_shape,91,7,15,True,1589,frozen,,0.68239,0.0,0.0,0.0,1590.0,,,,0.5924943856818162,1.5499218415826217,2.637379976814137,11130,32456,41213,.,team_ablation,Frontier,agent_7_team_ablation/i_shape_seed_91_015,False,100.0,,,,,,,100.0,100.0,0.19397050142288208,0.0,0.0,0.0,,19.705120692012756,37.98016000218922,114.19279999972785,0.12578616352201258,,,,,0.0,e8f9f7e35c1410323d321a9c121bbafa9f64477af355429d9edf9ecc8ec52afe,ok,1590,0.09999999999999787,158.99999999999662,158.9,0,0.509733850382409,0.3632856473326683,1590,C:\Users\grape\OneDrive\Multi_Robot_System\maps\i_shape\map_015.png,5.0,1.0,0.17574,,,
i_shape,91,7,44,True,933,goal,,0.867238,0.0,0.0,0.0,934.0,,,,0.37545710907761226,1.0140987617921666,2.057667148325925,6538,35537,41535,.,team_ablation,Frontier,agent_7_team_ablation/i_shape_seed_91_044,False,100.0,,,,,,,100.0,100.0,0.09316545724868774,0.0,0.0,0.0,,17.183485331817238,33.19879500195384,109.0965000039432,0.32119914346895073,93.3,0.14285714285714285,0.3717756680079868,0.6479199409484862,0.0,1f588301bb2fc4827ab27e3c0fae8fe03e75d2ccc1b5f30bd06663fe3ddae561,ok,934,0.10000000000000009,93.40000000000008,93.3,0,0.45662061282985983,0.25400161296129226,934,C:\Users\grape\OneDrive\Multi_Robot_System\maps\i_shape\map_044.png,5.0,1.0,0.1693,933.0,1.0,
i_shape,91,7,68,True,1315,frozen,,0.844225,0.0,0.0,0.0,1316.0,,,,0.4852026390504766,1.1413984165769888,2.7258321738794673,9212,34010,41694,.,team_ablation,Frontier,agent_7_team_ablation/i_shape_seed_91_068,False,100.0,,,,,,,100.0,100.0,0.24413949251174927,0.0,0.0,0.0,,17.021580167268837,34.61132500160601,117.70640000759158,0.07598784194528875,,,,,0.0,1e56d9dbbc5087a5c878bb4766009c5c876add90cd32ddb92324c772a07d3604,ok,1316,0.09999999999999964,131.59999999999954,131.5,0,0.5086968089128338,0.37215958535671234,1316,,,,,,,goal_map_free_cell_count_mismatch
i_shape,91,7,84,True,978,goal,,0.655771,0.0,0.0,0.0,979.0,,,,0.47163275851775405,1.4768959032466145,2.0410688310112532,6853,35471,42528,.,team_ablation,Frontier,agent_7_team_ablation/i_shape_seed_91_084,False,100.0,,,,,,,100.0,100.0,0.1737678050994873,0.0,0.0,0.0,,20.623671195179767,39.714830002048984,122.44239999563432,0.20429009193054137,,,,,0.0,099e140196d3f13260d4804eec0fb489af14873443d0a7228e5a0eb40b6e022d,ok,979,0.1,97.9,97.8,0,0.5179522354403117,0.357288533449173,979,,,,,,,goal_map_free_cell_count_mismatch
i_shape,91,7,89,True,1172,goal,,0.872975,0.0,0.0,0.0,1173.0,,,,0.3711906481966154,1.0274329854121205,2.1736620747451068,8211,35674,42210,.,team_ablation,Frontier,agent_7_team_ablation/i_shape_seed_91_089,False,100.0,,,,,,,100.0,100.0,0.02019035816192627,0.0,0.0,0.0,,17.78091901145073,36.98737999948206,98.76120000262743,0.0,117.2,0.14285714285714285,0.31149970463344034,1.0018518447875975,0.0,90f6a5fc225f1acd64f1fd1499a2d43e48dd6b8f4b208873ee4a4e64e6ef4ca0,ok,1173,0.09999999999999964,117.29999999999959,117.2,0,0.3645557278460757,0.034235167503356936,1173,C:\Users\grape\OneDrive\Multi_Robot_System\maps\i_shape\map_089.png,5.0,1.0,0.1558,1172.0,1.0,
square,120,7,34,True,1040,frozen,,0.779059,0.0,0.0,0.166186,1041.0,,,,0.4673571407278434,1.5025061279195897,2.4062721334414388,7287,40804,80530,.,team_ablation,Frontier,agent_7_team_ablation/square_seed_120_034,False,83.3814,,,,,,,83.38136407300672,100.0,-0.04913073778152466,17.299999999999997,17.299999999999997,0.030138987026585018,0.048633187492458804,17.285062727835083,35.60159998596646,106.01339998538604,0.2881844380403458,,,,,-3.592699327725768e-05,f5254dd947636be506ac45ae435b3641ed61824a92dddf92e50af8e216f88194,ok,1041,0.09999999999999998,104.09999999999998,104.0,173,0.325503934300026,-0.049130558967590325,1041,C:\Users\grape\OneDrive\Multi_Robot_System\maps\square\map_034.png,5.0,5.0,0.67788,,,
square,120,7,49,True,549,frozen,,0.667273,0.0,0.0,0.0,550.0,,,,0.3874549903290283,1.542041429592653,2.120246947808723,3850,21370,63573,.,team_ablation,Frontier,agent_7_team_ablation/square_seed_120_049,False,100.0,,,,,,,100.0,100.0,0.25938266515731806,0.0,0.0,0.0,,19.144502908827484,36.42894999211419,115.89449999155477,0.36363636363636365,,,,,0.0,13266fbecb4230484372625ec6be93402fe57b793851bffd04c0cbf4afa2a9ed,ok,550,0.10000000000000053,55.00000000000029,54.900000000000006,0,0.49552526251836254,0.2831852436065674,550,C:\Users\grape\OneDrive\Multi_Robot_System\maps\square\map_049.png,5.0,5.0,0.745708,,,
square,120,7,69,True,671,frozen,,0.691964,0.0,0.21875,0.0,672.0,,,,0.4716173650198556,1.650434090098911,2.1766855203732205,4704,22722,69676,.,team_ablation,Frontier,agent_7_team_ablation/square_seed_120_069,False,100.0,,,,,,,100.0,78.125,0.3984653949737549,0.0,0.0,0.0,,18.10464583360001,33.92602000385523,135.39860001765192,0.2976190476190476,,,,,0.0,64b2f78dece0be1b73aa3b38dd09d9088ab833c927f5ac15efebfd1c4175d3d3,ok,672,0.10000000000000053,67.20000000000036,67.10000000000001,0,0.5328835226772797,0.41569901704788204,672,C:\Users\grape\OneDrive\Multi_Robot_System\maps\square\map_069.png,5.0,5.0,0.721296,,,
square,140,7,34,True,1040,frozen,,0.779059,0.0,0.0,0.166186,1041.0,,,,0.4673571407278434,1.5025061279195897,2.4062721334414388,7287,40804,80530,.,team_ablation,Frontier,agent_7_team_ablation/square_seed_140_034,False,83.3814,,,,,,,83.38136407300672,100.0,-0.04913073778152466,17.299999999999997,17.299999999999997,0.030138987026585018,0.048633187492458804,17.463772526419277,34.62469999794848,99.43050000583753,0.0,,,,,-3.592699327725768e-05,f5254dd947636be506ac45ae435b3641ed61824a92dddf92e50af8e216f88194,ok,1041,0.09999999999999998,104.09999999999998,104.0,173,0.325503934300026,-0.049130558967590325,1041,C:\Users\grape\OneDrive\Multi_Robot_System\maps\square\map_034.png,5.0,5.0,0.67788,,,
square,140,7,49,True,549,frozen,,0.667273,0.0,0.0,0.0,550.0,,,,0.3874549903290283,1.542041429592653,2.120246947808723,3850,21370,63573,.,team_ablation,Frontier,agent_7_team_ablation/square_seed_140_049,False,100.0,,,,,,,100.0,100.0,0.25938266515731806,0.0,0.0,0.0,,19.244157636792146,38.030780004919485,61.34850002126768,0.0,,,,,0.0,13266fbecb4230484372625ec6be93402fe57b793851bffd04c0cbf4afa2a9ed,ok,550,0.10000000000000053,55.00000000000029,54.900000000000006,0,0.49552526251836254,0.2831852436065674,550,C:\Users\grape\OneDrive\Multi_Robot_System\maps\square\map_049.png,5.0,5.0,0.745708,,,
square,140,7,69,True,671,frozen,,0.691964,0.0,0.21875,0.0,672.0,,,,0.4716173650198556,1.650434090098911,2.1766855203732205,4704,22722,69676,.,team_ablation,Frontier,agent_7_team_ablation/square_seed_140_069,False,100.0,,,,,,,100.0,78.125,0.3984653949737549,0.0,0.0,0.0,,18.030958779447595,34.01574999734294,66.88490000669844,0.0,,,,,0.0,64b2f78dece0be1b73aa3b38dd09d9088ab833c927f5ac15efebfd1c4175d3d3,ok,672,0.10000000000000053,67.20000000000036,67.10000000000001,0,0.5328835226772797,0.41569901704788204,672,C:\Users\grape\OneDrive\Multi_Robot_System\maps\square\map_069.png,5.0,5.0,0.721296,,,
square,42,7,34,True,1040,frozen,,0.779059,0.0,0.0,0.166186,1041.0,,,,0.4673571407278434,1.5025061279195897,2.4062721334414388,7287,40804,80530,.,team_ablation,Frontier,agent_7_team_ablation/square_seed_42_034,True,83.3814,,,,,,,83.38136407300672,100.0,-0.04913073778152466,17.299999999999997,17.299999999999997,0.030138987026585018,0.048633187492458804,18.321163785150368,37.90159999334719,115.69920000329148,0.19212295869356388,,,,,-3.592699327725768e-05,f5254dd947636be506ac45ae435b3641ed61824a92dddf92e50af8e216f88194,ok,1041,0.09999999999999998,104.09999999999998,104.0,173,0.325503934300026,-0.049130558967590325,1041,C:\Users\grape\OneDrive\Multi_Robot_System\maps\square\map_034.png,5.0,5.0,0.67788,,,
square,42,7,49,True,549,frozen,,0.667273,0.0,0.0,0.0,550.0,,,,0.3874549903290283,1.542041429592653,2.120246947808723,3850,21370,63573,.,team_ablation,Frontier,agent_7_team_ablation/square_seed_42_049,True,100.0,,,,,,,100.0,100.0,0.25938266515731806,0.0,0.0,0.0,,22.36995672759473,43.52332500056944,133.39850000920703,0.36363636363636365,,,,,0.0,13266fbecb4230484372625ec6be93402fe57b793851bffd04c0cbf4afa2a9ed,ok,550,0.10000000000000053,55.00000000000029,54.900000000000006,0,0.49552526251836254,0.2831852436065674,550,C:\Users\grape\OneDrive\Multi_Robot_System\maps\square\map_049.png,5.0,5.0,0.745708,,,
square,42,7,69,True,671,frozen,,0.691964,0.0,0.21875,0.0,672.0,,,,0.4716173650198556,1.650434090098911,2.1766855203732205,4704,22722,69676,.,team_ablation,Frontier,agent_7_team_ablation/square_seed_42_069,True,100.0,,,,,,,100.0,78.125,0.3984653949737549,0.0,0.0,0.0,,23.736987351011997,42.26969499650295,111.46229998848867,0.1488095238095238,,,,,0.0,64b2f78dece0be1b73aa3b38dd09d9088ab833c927f5ac15efebfd1c4175d3d3,ok,672,0.10000000000000053,67.20000000000036,67.10000000000001,0,0.5328835226772797,0.41569901704788204,672,C:\Users\grape\OneDrive\Multi_Robot_System\maps\square\map_069.png,5.0,5.0,0.721296,,,
square,64,7,34,True,1040,frozen,,0.779059,0.0,0.0,0.166186,1041.0,,,,0.4673571407278434,1.5025061279195897,2.4062721334414388,7287,40804,80530,.,team_ablation,Frontier,agent_7_team_ablation/square_seed_64_034,False,83.3814,,,,,,,83.38136407300672,100.0,-0.04913073778152466,17.299999999999997,17.299999999999997,0.030138987026585018,0.048633187492458804,17.932312968138945,35.92460000072606,97.09559999464544,0.0,,,,,-3.592699327725768e-05,f5254dd947636be506ac45ae435b3641ed61824a92dddf92e50af8e216f88194,ok,1041,0.09999999999999998,104.09999999999998,104.0,173,0.325503934300026,-0.049130558967590325,1041,C:\Users\grape\OneDrive\Multi_Robot_System\maps\square\map_034.png,5.0,5.0,0.67788,,,
square,64,7,49,True,549,frozen,,0.667273,0.0,0.0,0.0,550.0,,,,0.3874549903290283,1.542041429592653,2.120246947808723,3850,21370,63573,.,team_ablation,Frontier,agent_7_team_ablation/square_seed_64_049,False,100.0,,,,,,,100.0,100.0,0.25938266515731806,0.0,0.0,0.0,,26.306700908859387,50.79115000335148,75.72639999852981,0.0,,,,,0.0,13266fbecb4230484372625ec6be93402fe57b793851bffd04c0cbf4afa2a9ed,ok,550,0.10000000000000053,55.00000000000029,54.900000000000006,0,0.49552526251836254,0.2831852436065674,550,C:\Users\grape\OneDrive\Multi_Robot_System\maps\square\map_049.png,5.0,5.0,0.745708,,,
square,64,7,69,True,671,frozen,,0.691964,0.0,0.21875,0.0,672.0,,,,0.4716173650198556,1.650434090098911,2.1766855203732205,4704,22722,69676,.,team_ablation,Frontier,agent_7_team_ablation/square_seed_64_069,False,100.0,,,,,,,100.0,78.125,0.3984653949737549,0.0,0.0,0.0,,26.936771874694557,49.21579000583733,135.55709998763632,0.2976190476190476,,,,,0.0,64b2f78dece0be1b73aa3b38dd09d9088ab833c927f5ac15efebfd1c4175d3d3,ok,672,0.10000000000000053,67.20000000000036,67.10000000000001,0,0.5328835226772797,0.41569901704788204,672,C:\Users\grape\OneDrive\Multi_Robot_System\maps\square\map_069.png,5.0,5.0,0.721296,,,
square,91,7,34,True,1040,frozen,,0.779059,0.0,0.0,0.166186,1041.0,,,,0.4673571407278434,1.5025061279195897,2.4062721334414388,7287,40804,80530,.,team_ablation,Frontier,agent_7_team_ablation/square_seed_91_034,False,83.3814,,,,,,,83.38136407300672,100.0,-0.04913073778152466,17.299999999999997,17.299999999999997,0.030138987026585018,0.048633187492458804,20.531916906779827,42.72470000432804,92.30570000363514,0.0,,,,,-3.592699327725768e-05,f5254dd947636be506ac45ae435b3641ed61824a92dddf92e50af8e216f88194,ok,1041,0.09999999999999998,104.09999999999998,104.0,173,0.325503934300026,-0.049130558967590325,1041,C:\Users\grape\OneDrive\Multi_Robot_System\maps\square\map_034.png,5.0,5.0,0.67788,,,
square,91,7,49,True,549,frozen,,0.667273,0.0,0.0,0.0,550.0,,,,0.3874549903290283,1.542041429592653,2.120246947808723,3850,21370,63573,.,team_ablation,Frontier,agent_7_team_ablation/square_seed_91_049,False,100.0,,,,,,,100.0,100.0,0.25938266515731806,0.0,0.0,0.0,,24.34203563660214,45.08026499825063,137.8279000055045,0.36363636363636365,,,,,0.0,13266fbecb4230484372625ec6be93402fe57b793851bffd04c0cbf4afa2a9ed,ok,550,0.10000000000000053,55.00000000000029,54.900000000000006,0,0.49552526251836254,0.2831852436065674,550,C:\Users\grape\OneDrive\Multi_Robot_System\maps\square\map_049.png,5.0,5.0,0.745708,,,
square,91,7,69,True,671,frozen,,0.691964,0.0,0.21875,0.0,672.0,,,,0.4716173650198556,1.650434090098911,2.1766855203732205,4704,22722,69676,.,team_ablation,Frontier,agent_7_team_ablation/square_seed_91_069,False,100.0,,,,,,,100.0,78.125,0.3984653949737549,0.0,0.0,0.0,,24.292898512547772,43.30589499804773,121.89120000402907,0.4464285714285714,,,,,0.0,64b2f78dece0be1b73aa3b38dd09d9088ab833c927f5ac15efebfd1c4175d3d3,ok,672,0.10000000000000053,67.20000000000036,67.10000000000001,0,0.5328835226772797,0.41569901704788204,672,C:\Users\grape\OneDrive\Multi_Robot_System\maps\square\map_069.png,5.0,5.0,0.721296,,,
